"ID","Description","setSize","enrichmentScore","NES","pvalue","p.adjust","qvalue","rank","leading_edge","core_enrichment","log2err"
"GO:0061844","antimicrobial humoral immune response mediated by antimicrobial peptide",19,0.658742873914755,2.08324576248326,0.000228072615874722,0.0984893579552342,0.0984893579552342,393,"tags=42%, list=3%, signal=41%","Rpl39/Hist3h2ba/Romo1/B2m/Ccl5/Fau/Gapdh/Ccl6",0.518848077743792
"GO:0110096","cellular response to aldehyde",28,0.597370769165829,2.03842473723694,0.00014802570133216,0.0935802339381708,0.0935802339381708,1390,"tags=29%, list=11%, signal=25%","Col1a2/Igf1r/Sgk1/Serpine1/Gatd1/Aldh1a1/Col1a1/Esd",0.518848077743792
"GO:0045722","positive regulation of gluconeogenesis",25,-0.607680291090007,-2.02029785725723,0.000429120902778469,0.138981532387377,0.138981532387377,2838,"tags=60%, list=23%, signal=46%","Foxo1/Ppp4r3b/Sirt7/Prkaa1/Wdr5/Dgat2/Ppara/Tcf7l2/Kat2b/Ppp4r3a/Hif1a/Oprm1/Gpt/Ctdspl2/Sirt1",0.49849310876659
"GO:0006111","regulation of gluconeogenesis",43,-0.546477985521207,-2.01582473130727,9.82687894381092e-05,0.0848714778113803,0.0848714778113803,3424,"tags=56%, list=28%, signal=40%","Erfe/Prkag2/Nln/Dgkq/Foxo1/Ppp4r3b/Sirt7/Prkaa1/Wdr5/Ranbp2/Dgat2/Ppara/Tcf7l2/Kat2b/Sesn2/Ppp4r3a/Hif1a/Oprm1/Usp7/Gpt/Ctdspl2/Sirt1/Ogt/Sik1",0.538434096309916
"GO:0050869","negative regulation of B cell activation",19,0.625427191055853,1.97788636067662,0.000745681281159123,0.173114725406689,0.173114725406689,2509,"tags=53%, list=21%, signal=42%","Bcl6/Laptm5/Rc3h1/Hmgb3/Casp3/Pkn1/Lyn/Id2/Tnfaip3/Sfrp1",0.477270815362862
"GO:0022602","ovulation cycle process",50,-0.517947761306842,-1.96186354317068,6.04102635816093e-05,0.0848714778113803,0.0848714778113803,1912,"tags=34%, list=16%, signal=29%","Gpr149/Inhba/Arrb2/Nrip1/Pde4d/Ptx3/Arrb1/A2m/Stat5b/Pdgfra/Plekha1/Sirt1/Npy5r/Mstn/Casp2/Npr2/Myh9",0.557332238758646
"GO:0042775","mitochondrial ATP synthesis coupled electron transport",57,0.483211600957158,1.94467618109317,0.000170002175224659,0.0935802339381708,0.0935802339381708,2030,"tags=39%, list=17%, signal=32%","Cox7a2/Uqcr10/Ndufb8/Cox6a1/Uqcrc1/Ndufc2/Ndufs8/Dnajc15/Ndufb6/Uqcrfs1/Ndufv3/Ndufs2/Ndufa8/Ndufv2/Ndufa12/Cyc1/Cox4i1/Uqcr11/Cdk1/Sdhb/Coq7/Iscu",0.518848077743792
"GO:0019433","triglyceride catabolic process",16,-0.662065640592186,-1.91970192455289,0.00102851301859875,0.213190178495148,0.213190178495148,1639,"tags=38%, list=14%, signal=32%","Pnpla4/Mgll/Sirt1/Lipg/Lpl/Ddhd2",0.45505986738723
"GO:0061014","positive regulation of mRNA catabolic process",92,-0.444730841941595,-1.90219563323481,6.33509883879422e-05,0.0848714778113803,0.0848714778113803,2591,"tags=42%, list=21%, signal=34%","Zfp36l1/Nynrin/Csde1/Fto/Mettl16/Zc3hav1/Parn/Cnot8/Gtpbp1/Ago3/Hnrnpu/Ythdf2/Ybx1/Fxr1/Cnot6/Khnyn/Patl1/Qki/Eif4enif1/Dhx36/Hnrnpd/Cnot7/Tardbp/Lsm1/Paip1/Pde12/Ythdf3/Tut4/Tnrc6a/Rc3h2/Cnot6l/Dcp1a/Cnot2/Alkbh5/Igf2bp1/Rbm24/Khsrp/Plekhn1/Tob1",0.538434096309916
"GO:0019646","aerobic electron transport chain",49,0.476558798799648,1.88168599175822,0.000801766385519207,0.173114725406689,0.173114725406689,2030,"tags=37%, list=17%, signal=31%","Cox7a2/Uqcr10/Ndufb8/Cox6a1/Uqcrc1/Ndufc2/Ndufs8/Dnajc15/Ndufb6/Uqcrfs1/Ndufs2/Ndufa8/Ndufv2/Cyc1/Cox4i1/Uqcr11/Sdhb/Iscu",0.477270815362862
"GO:0033108","mitochondrial respiratory chain complex assembly",73,0.435842814434018,1.87568129847206,0.000173852425804526,0.0935802339381708,0.0935802339381708,1187,"tags=29%, list=10%, signal=26%","Smim20/Coa8/Higd2a/Atpaf2/Chchd7/Atp5f1d/Ndufc2/Ndufs8/Chchd4/Uqcrfs1/Ndufa6/Fmc1/Ndufs2/Uqcc1/Uqcc2/Ecsit/Tmem223/Higd2al1/Timm21/Coa3/Fastkd3",0.518848077743792
"GO:0019730","antimicrobial humoral response",25,0.556939975464771,1.86568230154694,0.00224266694527741,0.322819447511876,0.322819447511876,393,"tags=32%, list=3%, signal=31%","Rpl39/Hist3h2ba/Romo1/B2m/Ccl5/Fau/Gapdh/Ccl6",0.431707695803346
"GO:0050779","RNA destabilization",90,-0.437987198435134,-1.85749076400135,8.8011313206684e-05,0.0848714778113803,0.0848714778113803,2591,"tags=41%, list=21%, signal=33%","Zfp36l1/Nynrin/Csde1/Fto/Mettl16/Parn/Cnot8/Ago3/Hnrnpu/Ythdf2/Ybx1/Fxr1/Cnot6/Khnyn/Patl1/Qki/Eif4enif1/Dhx36/Hnrnpd/Cnot7/Tardbp/Lsm1/Paip1/Pde12/Ythdf3/Tut4/Tnrc6a/Rc3h2/Cnot6l/Dcp1a/Cnot2/Alkbh5/Igf2bp1/Rbm24/Khsrp/Plekhn1/Tob1",0.538434096309916
"GO:0044790","suppression of viral release by host",16,0.62919065034375,1.84905850958598,0.00315042677400324,0.371034353247382,0.371034353247382,2544,"tags=50%, list=21%, signal=40%","Marchf2/Mid2/Trim27/Pml/Trim26/Trim5/Trim21/Trim8",0.431707695803346
"GO:0061157","mRNA destabilization",87,-0.445467672117207,-1.84702222531627,6.78430500956168e-05,0.0848714778113803,0.0848714778113803,2591,"tags=43%, list=21%, signal=34%","Zfp36l1/Nynrin/Csde1/Fto/Mettl16/Parn/Cnot8/Ago3/Hnrnpu/Ythdf2/Ybx1/Fxr1/Cnot6/Khnyn/Patl1/Qki/Eif4enif1/Dhx36/Hnrnpd/Cnot7/Tardbp/Lsm1/Paip1/Pde12/Ythdf3/Tut4/Tnrc6a/Rc3h2/Cnot6l/Dcp1a/Cnot2/Alkbh5/Igf2bp1/Rbm24/Khsrp/Plekhn1/Tob1",0.538434096309916
"GO:0042773","ATP synthesis coupled electron transport",58,0.45091725396228,1.84377701491979,0.000534172409636701,0.148279840440995,0.148279840440995,2030,"tags=38%, list=17%, signal=32%","Cox7a2/Uqcr10/Ndufb8/Cox6a1/Uqcrc1/Ndufc2/Ndufs8/Dnajc15/Ndufb6/Uqcrfs1/Ndufv3/Ndufs2/Ndufa8/Ndufv2/Ndufa12/Cyc1/Cox4i1/Uqcr11/Cdk1/Sdhb/Coq7/Iscu",0.477270815362862
"GO:0035022","positive regulation of Rac protein signal transduction",19,0.582549199233106,1.84228657158488,0.00324298619601879,0.373447877061542,0.373447877061542,819,"tags=26%, list=7%, signal=25%","Lrp4/Dynlt1/Tns3/Dok7/Wnt5a",0.431707695803346
"GO:1903313","positive regulation of mRNA metabolic process",116,-0.418544879586542,-1.82140059092796,2.87632644188325e-05,0.0848714778113803,0.0848714778113803,2591,"tags=40%, list=21%, signal=31%","Zfp36l1/Nynrin/Csde1/Fto/Mettl16/Upf3b/Zc3hav1/Parn/Cnot8/Eif1/Gtpbp1/Ago3/Hnrnpu/Ythdf2/Obi1/Ybx1/Fxr1/Cnot6/Khnyn/Patl1/Qki/Upf3a/Eif4enif1/Dhx36/Hnrnpd/Cnot7/Tardbp/Lsm1/Thrap3/Paip1/Pde12/Ythdf3/Tut4/Tnrc6a/Rc3h2/Cnot6l/Dcp1a/Cnot2/Exosc10/Alkbh5/Igf2bp1/Rbm24/Khsrp/Snrnp70/Plekhn1/Tob1",0.575610261071129
"GO:0051204","protein insertion into mitochondrial membrane",22,0.547484440777861,1.79735091845325,0.00360580081302411,0.373585521001458,0.373585521001458,1365,"tags=36%, list=11%, signal=32%","Bax/Romo1/Timm10b/Trmt10b/Timm10/Tomm40/Mtch1/Mtx1",0.431707695803346
"GO:0043255","regulation of carbohydrate biosynthetic process",83,-0.424847801956673,-1.79433672994979,0.000623844927993721,0.153941162707784,0.153941162707784,2881,"tags=40%, list=24%, signal=31%","Dgkq/Ntsr1/Foxo1/Ppp4r3b/Egf/Akt1/Epm2aip1/Sirt7/Prkaa1/Irs2/Smpd3/Wdr5/Ranbp2/Pth1r/Dgat2/Ppara/Tcf7l2/Kat2b/Nfkb1/Igf2/Sesn2/Inpp5k/Arrb1/Ppp4r3a/Hif1a/Oprm1/Usp7/Gpt/Ctdspl2/Sirt1/Ogt/Sik1/Myh9",0.477270815362862
"GO:0070536","protein K63-linked deubiquitination",26,-0.559124635098985,-1.77576042463487,0.00150758814767292,0.269934224788291,0.269934224788291,494,"tags=27%, list=4%, signal=26%","Usp7/Usp33/Stambpl1/Usp25/Otud1/Otud4/Usp20",0.45505986738723
"GO:1902476","chloride transmembrane transport",61,-0.445955142100613,-1.77208518703432,0.00217967475551859,0.322716416659924,0.322716416659924,3091,"tags=49%, list=26%, signal=37%","Slc26a10/Slc6a1/Ano6/Gabra5/Gabrb3/Gabrb1/Pcyox1/Slc12a2/Gabrd/Clcn7/Kcnk1/Slc12a6/Slc26a2/Slc17a6/Clcn4/Kcnk2/Slc4a3/Clcn2/Slc17a7/Slc1a1/Clcn1/Gabra1/Mfsd8/Clcc1/Slc26a8/Clic4/Ano8/Gabrg2/Clcn3/Slc26a6",0.431707695803346
"GO:0046461","neutral lipid catabolic process",24,-0.550547756607114,-1.77079495284922,0.0044611455436327,0.405572915914117,0.405572915914117,1639,"tags=29%, list=14%, signal=25%","Pnpla4/Abhd16a/Mgll/Sirt1/Lipg/Lpl/Ddhd2",0.407017918923954
"GO:0046464","acylglycerol catabolic process",24,-0.550547756607114,-1.77079495284922,0.0044611455436327,0.405572915914117,0.405572915914117,1639,"tags=29%, list=14%, signal=25%","Pnpla4/Abhd16a/Mgll/Sirt1/Lipg/Lpl/Ddhd2",0.407017918923954
"GO:0006120","mitochondrial electron transport, NADH to ubiquinone",23,0.547822593030859,1.76830857771894,0.00427579363956959,0.402857502549993,0.402857502549993,863,"tags=35%, list=7%, signal=32%","Ndufb8/Ndufc2/Ndufs8/Dnajc15/Ndufb6/Ndufs2/Ndufa8/Ndufv2",0.407017918923954
"GO:0017004","cytochrome complex assembly",31,0.480382209993543,1.76685745595685,0.011158625141692,0.53049537141512,0.53049537141512,1187,"tags=32%, list=10%, signal=29%","Smim20/Coa8/Uqcrfs1/Uqcc1/Cox10/Uqcc2/Tmem223/Timm21/Coa3/Fastkd3",0.380730400722792
"GO:0140718","facultative heterochromatin formation",17,-0.591124917664681,-1.76325310485308,0.00949623527052602,0.512598866373602,0.512598866373602,2398,"tags=53%, list=20%, signal=43%","Ezh1/Smarca5/Sirt2/Kdm5a/Suz12/Rrp8/Baz2a/Sirt1/Bend3",0.380730400722792
"GO:0007263","nitric oxide mediated signal transduction",18,0.5738357394982,1.7574855577924,0.00832803059504723,0.474240159819063,0.474240159819063,933,"tags=33%, list=8%, signal=31%","Nos1/Gapdh/Apoe/Mt2/Kcnc2/Vegfa",0.380730400722792
"GO:0007000","nucleolus organization",20,-0.564706396548091,-1.7550588968404,0.00738219086484503,0.474240159819063,0.474240159819063,2416,"tags=50%, list=20%, signal=40%","Rrn3/Smarca5/Nolc1/Rps19/Sirt2/Zfp354a/Rrp8/Baz2a/Sirt1/Bend3",0.407017918923954
"GO:0051131","chaperone-mediated protein complex assembly",19,0.553419358756543,1.7501647147305,0.00736721689359049,0.474240159819063,0.474240159819063,3648,"tags=53%, list=30%, signal=37%","Hopx/Stub1/Clu/Bbs10/Hspa1a/Psmg3/Mkks/Pfdn6/Ptges3l1/Lonp1",0.407017918923954
"GO:0015986","proton motive force-driven ATP synthesis",22,0.530851120567186,1.74274495866541,0.00612630592615786,0.460094453758696,0.460094453758696,1870,"tags=32%, list=15%, signal=27%","Atp5mc3/Atp5f1d/Atp5po/Atp5f1e/Stoml2/Atp5me/Sdhb",0.407017918923954
"GO:0044027","negative regulation of gene expression via chromosomal CpG island methylation",15,-0.613782752681211,-1.73727612512238,0.0119242114201187,0.546825341407566,0.546825341407566,2303,"tags=53%, list=19%, signal=43%","Uhrf1/Mphosph8/Mecp2/Myc/Zfp445/Ctcf/Usp7/Uhrf2",0.380730400722792
"GO:0042476","odontogenesis",90,0.388456677918185,1.73527006705515,0.000571019026594746,0.148279840440995,0.148279840440995,757,"tags=21%, list=6%, signal=20%","Bax/Lrp4/Lama5/Id3/Prkcb/Zfp422/Gli3/Ctnna1/Smo/Aqp1/Tmt1a/Bcl11b/Fam20a/Serpine1/Ankrd11/Tnc/Rspo2/Bcl2l11/Stim1",0.477270815362862
"GO:0006821","chloride transport",65,-0.429050532589117,-1.72521506328719,0.0024137443594335,0.338054682988768,0.338054682988768,3091,"tags=48%, list=26%, signal=36%","Slc26a10/Slc6a1/Ano6/Gabra5/Gabrb3/Gabrb1/Pcyox1/Slc12a2/Gabrd/Clcn7/Kcnk1/Slc12a6/Slc26a2/Slc17a6/Clcn4/Kcnk2/Slc4a3/Clcn2/Slc17a7/Slc1a1/Clcn1/Slc12a4/Gabra1/Mfsd8/Clcc1/Slc26a8/Clic4/Ano8/Gabrg2/Clcn3/Slc26a6",0.431707695803346
"GO:0044539","long-chain fatty acid import into cell",16,-0.591590551455366,-1.71535486898303,0.00664970090589441,0.471120745664337,0.471120745664337,3106,"tags=56%, list=26%, signal=42%","Eprs1/Acsl6/Acsl3/Akt1/Irs2/Thbs1/Fabp3/Acsl1/Rps6kb1",0.407017918923954
"GO:0032482","Rab protein signal transduction",25,-0.515815953882185,-1.71488508290772,0.0125994331948622,0.551684097741921,0.551684097741921,2104,"tags=40%, list=17%, signal=33%","Rab12/Rab15/Rab9b/Dennd1a/Rab9a/Dennd4a/Rab33b/Cd2ap/Dennd3/Rab2a",0.380730400722792
"GO:0044872","lipoprotein localization",15,0.585188653722289,1.70836154792781,0.0148991865278943,0.578418659725916,0.578418659725916,1402,"tags=40%, list=12%, signal=35%","Lrp2/Apoe/Apobec1/Unc119/Pgrmc1/Zdhhc17",0.380730400722792
"GO:0046503","glycerolipid catabolic process",42,-0.464816454612169,-1.70783761894865,0.00352969627840419,0.373585521001458,0.373585521001458,1639,"tags=29%, list=14%, signal=25%","Pnpla4/Gdpd1/Abhd16a/Pla2g4e/Enpp2/Mgll/Smpd4/Gpcpd1/Sirt1/Lipg/Lpl/Ddhd2",0.431707695803346
"GO:0042475","odontogenesis of dentin-containing tooth",66,0.404926273054448,1.69983705507866,0.00193208911409529,0.309657290452714,0.309657290452714,757,"tags=23%, list=6%, signal=21%","Bax/Lrp4/Lama5/Prkcb/Gli3/Ctnna1/Smo/Bcl11b/Fam20a/Serpine1/Ankrd11/Tnc/Rspo2/Bcl2l11/Stim1",0.45505986738723
"GO:0006119","oxidative phosphorylation",98,0.3769950323939,1.6974876442917,0.00156103872502511,0.269934224788291,0.269934224788291,2479,"tags=36%, list=20%, signal=29%","Cox7a2/Uqcr10/Ndufb8/Cox6a1/Atp5f1d/Uqcrc1/Ndufc2/Atp5po/Ndufs8/Atp5f1e/Stoml2/Dnajc15/Ndufb6/Uqcrfs1/Ndufv3/Ndufs2/Ak2/Ndufa8/Uqcc2/Ndufv2/Ndufa12/Cyc1/Cox4i1/Shmt2/Uqcr11/Ppif/Cdk1/Atp5me/Sdhb/Coq7/Iscu/Macroh2a1/Cox5a/C9h2orf69/Cox6b1",0.45505986738723
"GO:0022900","electron transport chain",93,0.374988097480774,1.69673027404172,0.000572288075804691,0.148279840440995,0.148279840440995,2030,"tags=32%, list=17%, signal=27%","Cox7a2/Uqcr10/Ndufa2/Enox2/Ndufb8/Cox6a1/Uqcrc1/Ndufc2/Ndufs8/Dnajc15/Ndufb6/Uqcrfs1/Ndufa6/Ndufv3/Ndufs2/Ndufa8/Etfdh/Ndufv2/Ndufa12/Cyc1/Ndufa3/Ndufb11/Cox4i1/Uqcr11/Etfb/Cdk1/Ndufb7/Sdhb/Coq7/Iscu",0.477270815362862
"GO:2000767","positive regulation of cytoplasmic translation",16,-0.584151618491907,-1.6937852042081,0.0082815108940699,0.474240159819063,0.474240159819063,2983,"tags=62%, list=25%, signal=47%","Eef2/Pkm/Csde1/Hnrnpu/Ybx1/Ybx3/Dhx36/Hnrnpd/Paip1/Igf2bp1",0.380730400722792
"GO:0001656","metanephros development",63,0.40740482921651,1.69171104837635,0.00260966526380887,0.346750907616861,0.346750907616861,2092,"tags=35%, list=17%, signal=29%","Id3/Gli3/Lrp2/Itga8/Smo/Aqp1/Kif26b/Fras1/Egr1/Calb1/Ctsh/Pkd1/Acat1/Gdf11/Id2/Slc4a4/Tshz3/Lamb2/Pdgfrb/Slit2/Dlg5/Sall1",0.431707695803346
"GO:0006403","RNA localization",144,-0.365788844957554,-1.68228268099854,0.000225581425946483,0.0984893579552342,0.0984893579552342,2251,"tags=28%, list=19%, signal=23%","Parn/Sidt1/Mapt/Eny2/Rbm33/Hnrnpu/Nup160/Ythdc1/Arc/Hnrnpa1-ps20/Hnrnpa1/Ybx1/Khdrbs1/Stau2/Rftn1/Parp11/Ranbp2/Fxr1/Prpf6/Nol6/Qki/Stau1/Dhx36/Sarnp/Znhit6/Nup54/Hnrnpa3/Cpsf6/Fubp3/Ddx39b/Hnrnpa2b1/Thoc2/Fmr1/Exosc10/Alkbh5/Igf2bp1/Sidt2/Khsrp/Atr/Fyttd1/Igf2bp3",0.518848077743792
"GO:1904358","positive regulation of telomere maintenance via telomere lengthening",23,-0.539986239933454,-1.67839728830707,0.00732643702841792,0.474240159819063,0.474240159819063,2455,"tags=39%, list=20%, signal=31%","Rtel1/Parn/Cct7/Cct8/Hnrnpa1/Dhx36/Hnrnpd/Hnrnpa2b1/Atr",0.407017918923954
"GO:0046688","response to copper ion",35,0.468088369279722,1.6780365243281,0.00563540160224097,0.449271555427888,0.449271555427888,2013,"tags=40%, list=17%, signal=33%","Bax/Cyp27b1/Icam1/Aqp1/Tk1/Mt2/Mt3/Map1lc3a/Loxl2/Cdk1/Sord/Lcat/Nfe2l2/Cp",0.407017918923954
"GO:0071634","regulation of transforming growth factor beta production",24,-0.520588864719354,-1.67443445748595,0.0105348175641595,0.52428482834547,0.52428482834547,4252,"tags=71%, list=35%, signal=46%","Tyrobp/Cd24/Laptm4b/Tgfb2/Smad3/Cd200/Klf15/Atp6ap2/Furin/Lum/Tsku/Serpinf2/Thbs1/Bmpr1a/Hif1a/Cd2ap/Cx3cl1",0.380730400722792
"GO:1905898","positive regulation of response to endoplasmic reticulum stress",32,-0.496738141956757,-1.67417441266213,0.00346788967202168,0.373585521001458,0.373585521001458,1108,"tags=31%, list=9%, signal=28%","Tmem67/Atf6/Tmem259/Bcap31/Spop/Cav1/Sirt1/Tmem33/Ern1/Pik3r1",0.431707695803346
"GO:0002715","regulation of natural killer cell mediated immunity",22,-0.533703228773678,-1.67055469793279,0.00876749118275801,0.488528379667226,0.488528379667226,2636,"tags=41%, list=22%, signal=32%","Grb2/Crk/Bid/Arrb2/Cadm1/Igf2/Nectin4/Stat5b/Tap2",0.380730400722792
"GO:0042269","regulation of natural killer cell mediated cytotoxicity",21,-0.535499852330444,-1.66838707472414,0.0136403609761058,0.567813173482209,0.567813173482209,2636,"tags=43%, list=22%, signal=34%","Grb2/Crk/Bid/Arrb2/Cadm1/Igf2/Nectin4/Stat5b/Tap2",0.380730400722792
"GO:0042776","proton motive force-driven mitochondrial ATP synthesis",19,0.526638160212714,1.66547033610429,0.0141350635621777,0.567813173482209,0.567813173482209,1870,"tags=32%, list=15%, signal=27%","Atp5f1d/Atp5po/Atp5f1e/Stoml2/Atp5me/Sdhb",0.380730400722792
"GO:0044342","type B pancreatic cell proliferation",17,-0.557857264211939,-1.66401977617957,0.0227371267882157,0.677148224232951,0.677148224232951,1264,"tags=35%, list=10%, signal=32%","Errfi1/Nr4a1/Serpinb1a/Tcf19/Sidt2/Nr4a3",0.352487857583619
"GO:0022904","respiratory electron transport chain",87,0.379482755662206,1.66229772877687,0.00147745288260414,0.269934224788291,0.269934224788291,2030,"tags=33%, list=17%, signal=28%","Cox7a2/Uqcr10/Ndufa2/Ndufb8/Cox6a1/Uqcrc1/Ndufc2/Ndufs8/Dnajc15/Ndufb6/Uqcrfs1/Ndufa6/Ndufv3/Ndufs2/Ndufa8/Etfdh/Ndufv2/Ndufa12/Cyc1/Ndufa3/Ndufb11/Cox4i1/Uqcr11/Etfb/Cdk1/Ndufb7/Sdhb/Coq7/Iscu",0.45505986738723
"GO:0030150","protein import into mitochondrial matrix",20,0.533630546672752,1.66127622848346,0.00964057555547687,0.513077937566798,0.513077937566798,3259,"tags=50%, list=27%, signal=37%","Romo1/Tomm7/Dnajc15/Timm21/Tomm40/Grpel1/Timm23/Timm50/Tomm22/Dnajc19",0.380730400722792
"GO:0000288","nuclear-transcribed mRNA catabolic process, deadenylation-dependent decay",48,-0.447355239229355,-1.65518330853239,0.00335905151584506,0.373585521001458,0.373585521001458,2734,"tags=48%, list=23%, signal=37%","Pan2/Zfp36l1/Csde1/Parn/Cnot8/Hnrnpu/Ybx1/Cnot6/Patl1/Eif4enif1/Dhx36/Hnrnpd/Cnot7/Lsm1/Paip1/Pde12/Tnrc6a/Rc3h2/Cnot6l/Dcp1a/Cnot2/Igf2bp1/Tob1",0.431707695803346
"GO:0019432","triglyceride biosynthetic process",35,-0.472637557689524,-1.6536776341635,0.00657678017662128,0.471120745664337,0.471120745664337,3098,"tags=43%, list=26%, signal=32%","Lpin1/Acsl6/Gpld1/Pck2/Acsl4/Lpin2/Tmem68/Dgat2/Tcf7l2/Gk/Acsl1/Lpin3/Sirt1/Lpl/Sik1",0.407017918923954
"GO:0033617","mitochondrial respiratory chain complex IV assembly",17,0.553606032126632,1.64647366782722,0.0172452072034897,0.613050739439706,0.613050739439706,1187,"tags=35%, list=10%, signal=32%","Smim20/Coa8/Tmem223/Timm21/Coa3/Fastkd3",0.352487857583619
"GO:0048641","regulation of skeletal muscle tissue development",19,-0.546189678944156,-1.64446185992256,0.0224682438486673,0.673008321524819,0.673008321524819,1640,"tags=42%, list=14%, signal=36%","Ybx3/Tcf7l2/Igf2/Shh/Tsc22d3/Mef2c/Dll1/Rps6kb1",0.352487857583619
"GO:0010799","regulation of peptidyl-threonine phosphorylation",20,-0.527566174548,-1.63963028216499,0.0170793800721889,0.613050739439706,0.613050739439706,2950,"tags=50%, list=24%, signal=38%","Gsk3a/Pard3/Dmtn/Egf/Phip/Mapk1/Sirt2/Trpc5/Wnk3/Ogt",0.352487857583619
"GO:0051205","protein insertion into membrane",51,0.41973780979346,1.63962431239454,0.0037488319359467,0.373585521001458,0.373585521001458,2965,"tags=41%, list=24%, signal=31%","Bax/Romo1/Wdr83os/Timm10b/Ubl4a/Emc8/Trmt10b/Sgta/Timm10/Tomm40/Mtch1/Mtx1/Get1/Emc10/Tmco1/Sec61a1/Pick1/Get4/Timm13/Emc6/Tomm22",0.431707695803346
"GO:0021955","central nervous system neuron axonogenesis",39,-0.455848026881001,-1.63939549617828,0.00591157481367984,0.458106808475454,0.458106808475454,1335,"tags=28%, list=11%, signal=25%","Ndel1/Pafah1b1/Pten/Wdr47/Spast/Zeb2/Cdh11/Prdm8/B4galt6/Nin/Nr4a2",0.407017918923954
"GO:0043462","regulation of ATP-dependent activity",28,-0.494420678271339,-1.63100397120543,0.00831006870572528,0.474240159819063,0.474240159819063,3650,"tags=50%, list=30%, signal=35%","Myh6/Pam16/Setmar/Nr3c2/Ahsa1/Oxa1l/Dnajb11/Tmem64/Pxk/Hnrnpu/Dnajb2/Ublcp1/Myh7/Napb",0.380730400722792
"GO:0006641","triglyceride metabolic process",79,-0.396943680516298,-1.62537875175733,0.00272405781477902,0.352901689904622,0.352901689904622,1681,"tags=25%, list=14%, signal=22%","Mecp2/Pnpla4/Dgat2/Tcf7l2/Mgll/Lipa/Insig2/Gk/Cav1/Acsl1/Slc37a4/Lpin3/Sirt1/Tbl1xr1/Atg14/G6pc1/Lipg/Lpl/Sik1/Ddhd2",0.431707695803346
"GO:0051236","establishment of RNA localization",121,-0.364076838065096,-1.62510525808415,0.000768634391656299,0.173114725406689,0.173114725406689,2152,"tags=26%, list=18%, signal=22%","Sidt1/Mapt/Eny2/Rbm33/Nup160/Ythdc1/Arc/Hnrnpa1-ps20/Hnrnpa1/Ybx1/Khdrbs1/Rftn1/Parp11/Ranbp2/Fxr1/Nol6/Qki/Sarnp/Nup54/Hnrnpa3/Cpsf6/Ddx39b/Hnrnpa2b1/Thoc2/Fmr1/Alkbh5/Igf2bp1/Sidt2/Khsrp/Atr/Fyttd1/Igf2bp3",0.477270815362862
"GO:0010830","regulation of myotube differentiation",27,-0.49045742767682,-1.62402368129219,0.0100501733530179,0.51780942191088,0.51780942191088,681,"tags=22%, list=6%, signal=21%","Bdnf/Daxx/Dmpk/Rbm24/Sik1/Atp11a",0.380730400722792
"GO:0046854","phosphatidylinositol phosphate biosynthetic process",44,-0.439311901913618,-1.62211995890511,0.00970313351631535,0.513077937566798,0.513077937566798,1569,"tags=27%, list=13%, signal=24%","Inpp4b/Inpp4a/Bpnt1/Pip4k2c/Impa2/Hycc1/Pip5k1b/Pik3c2a/Pi4kb/Bpnt2/Atg14/Pik3r1",0.380730400722792
"GO:0140354","lipid import into cell",21,-0.520539799261743,-1.62177798777782,0.0202003905912689,0.641582037757821,0.641582037757821,3710,"tags=57%, list=31%, signal=40%","Stra6/Plppr4/Eprs1/Acsl6/Acsl3/Akt1/Irs2/Thbs1/Lipa/Fabp3/Acsl1/Rps6kb1",0.352487857583619
"GO:0046460","neutral lipid biosynthetic process",38,-0.458311434457713,-1.61985929190958,0.00500493865398375,0.439586306863454,0.439586306863454,3098,"tags=42%, list=26%, signal=31%","Lpin1/Acsl6/Gpld1/Pck2/Acsl4/Lpin2/Tmem68/Dgat2/Tcf7l2/Avil/Gk/Acsl1/Lpin3/Sirt1/Lpl/Sik1",0.407017918923954
"GO:0046463","acylglycerol biosynthetic process",38,-0.458311434457713,-1.61985929190958,0.00500493865398375,0.439586306863454,0.439586306863454,3098,"tags=42%, list=26%, signal=31%","Lpin1/Acsl6/Gpld1/Pck2/Acsl4/Lpin2/Tmem68/Dgat2/Tcf7l2/Avil/Gk/Acsl1/Lpin3/Sirt1/Lpl/Sik1",0.407017918923954
"GO:0008535","respiratory chain complex IV assembly",20,0.519635841735486,1.61770850024549,0.0136803316905738,0.567813173482209,0.567813173482209,1187,"tags=35%, list=10%, signal=32%","Smim20/Coa8/Cox10/Tmem223/Timm21/Coa3/Fastkd3",0.380730400722792
"GO:0042088","T-helper 1 type immune response",25,0.481898963328656,1.61430388663663,0.0195141002101393,0.641582037757821,0.641582037757821,2573,"tags=40%, list=21%, signal=32%","Relb/Tmem98/Slc11a1/Vegfa/Sema4a/Hmgb1/Ripk2/Traf6/RT1-Db1/Hras",0.352487857583619
"GO:0045684","positive regulation of epidermis development",18,0.525511887608835,1.60948419442886,0.0259908110270075,0.722231338747965,0.722231338747965,2298,"tags=50%, list=19%, signal=41%","Cyp27b1/Ptch2/Numa1/Prkch/Med1/Tmem79/Sfrp4/Notch1/Macroh2a1",0.352487857583619
"GO:0042267","natural killer cell mediated cytotoxicity",37,-0.457053455732353,-1.60928928843155,0.0072072609830267,0.474240159819063,0.474240159819063,2636,"tags=41%, list=22%, signal=32%","Grb2/Arl8b/Crk/Vamp7/Kctd9/Bid/Kif5b/Arrb2/Cadm1/Stx11/Igf2/Nectin4/Stat5b/Tap2/Pik3r1",0.407017918923954
"GO:0002228","natural killer cell mediated immunity",39,-0.447205683122129,-1.60831448101702,0.00821038028076327,0.474240159819063,0.474240159819063,2636,"tags=38%, list=22%, signal=30%","Grb2/Arl8b/Crk/Vamp7/Kctd9/Bid/Kif5b/Arrb2/Cadm1/Stx11/Igf2/Nectin4/Stat5b/Tap2/Pik3r1",0.380730400722792
"GO:0000245","spliceosomal complex assembly",50,-0.423522281288566,-1.60420217143922,0.00551609494224988,0.446631312355295,0.446631312355295,2103,"tags=34%, list=17%, signal=28%","Srpk1/Luc7l1/Ythdc1/Ptbp2/Psip1/Usp39/Gemin6/Celf5/Htatsf1/Rbmx/Ddx42/Ddx39b/Ddx46/Celf6/Sf3b1/Rsrp1/Luc7l3",0.407017918923954
"GO:0035733","hepatic stellate cell activation",17,0.53933588290911,1.60403297253285,0.0240671039781594,0.694116925477864,0.694116925477864,447,"tags=24%, list=4%, signal=23%","Akap12/Acta2/Smo/Ddr2",0.352487857583619
"GO:0034204","lipid translocation",44,-0.434339354091234,-1.60375927021408,0.0111003568129105,0.53049537141512,0.53049537141512,1674,"tags=27%, list=14%, signal=24%","Atp9a/Trpc5/Serinc2/Atp10a/Atp10d/Ano3/Abcg1/Cdc50b/Atp11c/Atp8b2/Atp11a/Abca7",0.380730400722792
"GO:0015698","inorganic anion transport",90,-0.376307749952906,-1.59591004590325,0.00362504309898231,0.373585521001458,0.373585521001458,4027,"tags=56%, list=33%, signal=37%","Clcn5/Glra2/Abcg2/Gabrb2/Slc25a10/Slc25a14/Slc25a27/Slc5a6/Clcn6/Racgap1/Xpr1/Gabrg3/Trpv1/Slc26a10/Slc6a1/Ano6/Gabra5/Gabrb3/Gabrb1/Pcyox1/Slc12a2/Ankh/Gabrd/Clcn7/Kcnk1/Slc20a2/Slc12a6/Slc26a2/Slc17a6/Cldn3/Slc4a11/Clcn4/Kcnk2/Slc4a3/Clcn2/Fgfr1/Slc17a7/Slc1a1/Clcn1/Slc12a4/Gabra1/Mfsd8/Slc37a4/Clcc1/Slc26a8/Clic4/Ano8/Gabrg2/Clcn3/Slc26a6",0.431707695803346
"GO:0098883","synapse pruning",18,0.520467999607404,1.59403628885681,0.0289825101113337,0.730742649501751,0.730742649501751,1630,"tags=39%, list=13%, signal=34%","C1qb/C1qc/Xkr8/Adgrb3/C1ql1/Casp3/Sarm1",0.352487857583619
"GO:0097035","regulation of membrane lipid distribution",47,-0.426550371544647,-1.59329546286343,0.00866599343613809,0.488121499848561,0.488121499848561,1674,"tags=26%, list=14%, signal=22%","Atp9a/Trpc5/Serinc2/Atp10a/Atp10d/Ano3/Abcg1/Cdc50b/Atp11c/Atp8b2/Atp11a/Abca7",0.380730400722792
"GO:1900101","regulation of endoplasmic reticulum unfolded protein response",28,-0.482971496606981,-1.59323520144663,0.0102922366763452,0.51780942191088,0.51780942191088,1042,"tags=29%, list=9%, signal=26%","Atf6/Akt3/Dnajb9/Crebrf/Tmem33/Ern1/Pik3r1/Abca7",0.380730400722792
"GO:0030866","cortical actin cytoskeleton organization",37,0.435296558597201,1.59033083223438,0.0113547307105818,0.534911041293044,0.534911041293044,1824,"tags=32%, list=15%, signal=28%","Rtkn/Iqgap1/Nckap1l/Rab13/Llgl1/Iqgap2/Anln/Tln1/Pls1/Akap11/Arpc1b/Misp",0.380730400722792
"GO:0030488","tRNA methylation",34,-0.457903669514003,-1.59024107490121,0.0137487785285653,0.567813173482209,0.567813173482209,962,"tags=24%, list=8%, signal=22%","Trmt61a/Trmt6/Trmt10c/Thumpd3/Trdmt1/Trmt12/Alkbh8/Trmt10a",0.380730400722792
"GO:0034260","negative regulation of GTPase activity",22,-0.506737067505031,-1.58614740008664,0.019082443290961,0.641582037757821,0.641582037757821,3034,"tags=55%, list=25%, signal=41%","Rrp1b/Dab2ip/Bbs4/Ttc8/Spry1/Arfgef1/Arrb2/Rcc2/Amot/Arrb1/Lrch1/Adcyap1",0.352487857583619
"GO:0036297","interstrand cross-link repair",32,0.428989021152865,1.58037554035397,0.0200341570268682,0.641582037757821,0.641582037757821,1770,"tags=34%, list=15%, signal=29%","Fance/Fancm/Dclre1b/Hrob/Fancc/Rad51/Fanca/Rfwd3/Ercc6l2/Faap100/Faap24",0.352487857583619
"GO:0051028","mRNA transport",96,-0.369461812348042,-1.57861069766541,0.00307466137547765,0.370532447621516,0.370532447621516,4242,"tags=49%, list=35%, signal=32%","Nup58/Nup214/Akap8l/Rbm15b/Setd2/Lrpprc/Srsf7/Alyref/Mcm3ap/Pabpn1/Nup37/Senp2/Magohb/Tpr/Zfp36/Zfp36l2/Xpo1/Nup155/Ndc1/Nup98/Poldip3/Zfp36l1/Pkd2/Mapt/Eny2/Rbm33/Nup160/Ythdc1/Arc/Hnrnpa1-ps20/Hnrnpa1/Parp11/Ranbp2/Fxr1/Qki/Sarnp/Nup54/Hnrnpa3/Ddx39b/Hnrnpa2b1/Thoc2/Fmr1/Alkbh5/Igf2bp1/Khsrp/Fyttd1/Igf2bp3",0.431707695803346
"GO:0071577","zinc ion transmembrane transport",28,-0.478506449553663,-1.57850582260867,0.0109021361555371,0.53049537141512,0.53049537141512,2818,"tags=43%, list=23%, signal=33%","Slc39a14/Slc30a4/Slc39a11/Slc39a13/Slc30a10/Slc11a2/Slc30a5/Slc30a7/Pik3c2a/Slc39a8/Slc1a1/Slc30a1",0.380730400722792
"GO:1902742","apoptotic process involved in development",27,0.454709765395859,1.57837152137376,0.0205724871280796,0.641582037757821,0.641582037757821,2220,"tags=48%, list=18%, signal=39%","Bax/Ccn1/Bcl2l11/Pml/Megf10/Cryab/Xkr8/Kif1b/Xkr4/Notch1/Slit2/Bak1/Slit3",0.352487857583619
"GO:0045332","phospholipid translocation",40,-0.439164492556385,-1.57671822605886,0.021192722389583,0.651862005418352,0.651862005418352,1674,"tags=28%, list=14%, signal=24%","Atp9a/Trpc5/Serinc2/Atp10a/Atp10d/Ano3/Cdc50b/Atp11c/Atp8b2/Atp11a/Abca7",0.352487857583619
"GO:0043201","response to L-leucine",15,-0.556782021702832,-1.57593889527895,0.0372478233138924,0.846571142160484,0.846571142160484,1086,"tags=33%, list=9%, signal=30%","Sesn2/Rragd/Stambpl1/Sesn1/Rps6kb1",0.321775918075361
"GO:0045824","negative regulation of innate immune response",60,-0.396098373264635,-1.57467811844058,0.00934846414106623,0.509934117673739,0.509934117673739,2716,"tags=40%, list=22%, signal=31%","Zdhhc18/Susd4/Grb2/Dnaja3/Crk/Stat2/Grn/Ywhaz/Ythdf2/Serping1/Rps19/Arrb2/Cnot7/Igf2/Arg1/Fam3a/Usp15/Drd2/Ythdf3/A2m/Nectin4/Pim1/Tap2/Atg5",0.380730400722792
"GO:0010874","regulation of cholesterol efflux",29,-0.484393714497393,-1.5724374323544,0.0080338129628974,0.474240159819063,0.474240159819063,1668,"tags=38%, list=14%, signal=33%","Eepd1/Nfkb1/Shh/Gps2/Irak1/Abca5/Cav1/Abcg1/Sirt1/Ttc39b/Abca7",0.380730400722792
"GO:0043488","regulation of mRNA stability",149,-0.341388639970811,-1.57216382462256,0.00208429190560124,0.317670607494872,0.317670607494872,2438,"tags=32%, list=20%, signal=26%","Csde1/Fto/Mettl16/Parn/Cnot8/Rbm33/Ago3/Hnrnpu/Ythdf2/Ybx1/Larp4b/Fxr1/Cnot6/Khnyn/Patl1/Qki/Eif4enif1/Traf2/Dhx36/Hnrnpd/Cnot7/Tardbp/Lsm1/Thrap3/Paip1/Pde12/Ythdf3/Taf15/Tut4/Elavl4/Tent5a/Tnrc6a/Rc3h2/Fmr1/Cnot6l/Dcp1a/Cnot2/Larp1bl/Fastkd1/Alkbh5/Senp1/Igf2bp1/Rbm24/Khsrp/Plekhn1/Tob1/Igf2bp3",0.431707695803346
"GO:0000028","ribosomal small subunit assembly",23,0.486980956414604,1.57191874407635,0.0205272728706553,0.641582037757821,0.641582037757821,1067,"tags=35%, list=9%, signal=32%","Rps2/Fau/Rps15/Rps28/Nsun4/Rbfa/Mcat/Mettl17",0.352487857583619
"GO:0050657","nucleic acid transport",118,-0.355323993898218,-1.56856941403794,0.00601143631345636,0.458106808475454,0.458106808475454,2152,"tags=26%, list=18%, signal=22%","Sidt1/Mapt/Eny2/Rbm33/Nup160/Ythdc1/Arc/Hnrnpa1-ps20/Hnrnpa1/Ybx1/Khdrbs1/Rftn1/Parp11/Ranbp2/Fxr1/Nol6/Qki/Sarnp/Nup54/Hnrnpa3/Cpsf6/Ddx39b/Hnrnpa2b1/Thoc2/Fmr1/Alkbh5/Igf2bp1/Sidt2/Khsrp/Fyttd1/Igf2bp3",0.407017918923954
"GO:0050658","RNA transport",118,-0.355323993898218,-1.56856941403794,0.00601143631345636,0.458106808475454,0.458106808475454,2152,"tags=26%, list=18%, signal=22%","Sidt1/Mapt/Eny2/Rbm33/Nup160/Ythdc1/Arc/Hnrnpa1-ps20/Hnrnpa1/Ybx1/Khdrbs1/Rftn1/Parp11/Ranbp2/Fxr1/Nol6/Qki/Sarnp/Nup54/Hnrnpa3/Cpsf6/Ddx39b/Hnrnpa2b1/Thoc2/Fmr1/Alkbh5/Igf2bp1/Sidt2/Khsrp/Fyttd1/Igf2bp3",0.407017918923954
"GO:0061158","3'-UTR-mediated mRNA destabilization",19,-0.520970701917456,-1.56853284210069,0.036554701589852,0.846571142160484,0.846571142160484,1551,"tags=42%, list=13%, signal=37%","Khnyn/Qki/Dhx36/Hnrnpd/Tardbp/Rbm24/Khsrp/Plekhn1",0.321775918075361
"GO:0035020","regulation of Rac protein signal transduction",31,0.426089600866653,1.5671679186601,0.0463580079253123,0.896275851917274,0.896275851917274,819,"tags=19%, list=7%, signal=18%","Lrp4/Dynlt1/Tns3/Dok7/Stmn3/Wnt5a",0.321775918075361
"GO:0071786","endoplasmic reticulum tubular network organization",22,-0.49966390450708,-1.56400755712069,0.0217869891309663,0.65639638184109,0.65639638184109,3905,"tags=59%, list=32%, signal=40%","Rtn3/Reep4/Rab10/Atl3/Rab3gap1/Dmtn/Atl1/Reep3/Lnpk/Rab18/Zfyve27/Atl2/Tmem33",0.352487857583619
"GO:0006638","neutral lipid metabolic process",99,-0.360749190418691,-1.56385738513315,0.00672769879952932,0.471120745664337,0.471120745664337,1681,"tags=23%, list=14%, signal=20%","Mecp2/Pnpla4/Dgat2/Abhd16a/Tcf7l2/Mgll/Lipa/Avil/Insig2/Dgkg/Gk/Cav1/Acsl1/Slc37a4/Lpin3/Sirt1/Tbl1xr1/Atg14/G6pc1/Lipg/Lpl/Sik1/Ddhd2",0.407017918923954
"GO:1905897","regulation of response to endoplasmic reticulum stress",77,-0.3750764794579,-1.56352732210289,0.00789837327225391,0.474240159819063,0.474240159819063,2533,"tags=34%, list=21%, signal=27%","Xbp1/Sigmar1/Akt1/Atf6b/Grina/Ubqln2/Atxn3/Ikbkg/Txndc12/Tmem67/Nfe2l1/Atf6/Akt3/Tmem259/Bcap31/Opa1/Spop/Cav1/Dnajb9/Sirt1/Crebrf/Usp25/Tmem33/Ern1/Pik3r1/Abca7",0.380730400722792
"GO:0110154","RNA decapping",18,-0.524963059106703,-1.56228580148484,0.0236270462864134,0.691725163029345,0.691725163029345,2056,"tags=33%, list=17%, signal=28%","Edc3/Patl1/Eif4enif1/Cnot7/Lsm1/Dcp1a",0.352487857583619
"GO:0046902","regulation of mitochondrial membrane permeability",51,0.399835205905754,1.56187865200169,0.00809203406673951,0.474240159819063,0.474240159819063,2635,"tags=35%, list=22%, signal=28%","Bax/Alkbh7/Naif1/Dynlt1/Bcl2l11/Bok/Spg7/Ppif/Lrrk2/Stat3/Pmaip1/Them4/Acaa2/Bak1/Ckmt1/Hspa1a/Nol3/Cnp",0.380730400722792
"GO:1901861","regulation of muscle tissue development",34,-0.449016162829644,-1.55937589708352,0.0172723674176374,0.613050739439706,0.613050739439706,2280,"tags=38%, list=19%, signal=31%","Prkaa1/Luc7l1/Sirt2/Ybx3/Tcf7l2/Igf2/Shh/Tsc22d3/Mef2c/Dll1/Bdnf/Sox15/Rps6kb1",0.352487857583619
"GO:0061036","positive regulation of cartilage development",22,0.474182793199686,1.55670703200493,0.0310300059064651,0.763698454744865,0.763698454744865,3418,"tags=64%, list=28%, signal=46%","Ccn1/Gli3/Zfp219/Wnt5a/Bmp1/Loxl2/Sox5/Sox6/Pkdcc/Bmpr2/Smad7/Runx2/Zbtb16/Smad1",0.352487857583619
"GO:0014887","cardiac muscle adaptation",23,-0.499798386942236,-1.5534845062857,0.0192283101175703,0.641582037757821,0.641582037757821,3912,"tags=61%, list=32%, signal=41%","Smad3/Klf15/Atp2a2/Myh6/Ppp3ca/Foxo1/Nfatc3/Atp2b4/Camta2/Errfi1/Mef2c/Trpc3/Myh7/Oga",0.352487857583619
"GO:0006639","acylglycerol metabolic process",98,-0.361358463906291,-1.55334062978753,0.00811476706053484,0.474240159819063,0.474240159819063,1681,"tags=23%, list=14%, signal=20%","Mecp2/Pnpla4/Dgat2/Abhd16a/Tcf7l2/Mgll/Lipa/Avil/Insig2/Dgkg/Gk/Cav1/Acsl1/Slc37a4/Lpin3/Sirt1/Tbl1xr1/Atg14/G6pc1/Lipg/Lpl/Sik1/Ddhd2",0.380730400722792
"GO:0090559","regulation of membrane permeability",67,0.367000048360974,1.55323805838,0.0132894833377902,0.567813173482209,0.567813173482209,2635,"tags=31%, list=22%, signal=25%","Bax/Alkbh7/Naif1/Erbb3/Dynlt1/Laptm5/Bcl2l11/Bok/Heg1/Spg7/Ppif/Lrrk2/Stat3/Pmaip1/Them4/Acaa2/Bak1/Ckmt1/Hspa1a/Nol3/Cnp",0.380730400722792
"GO:0055023","positive regulation of cardiac muscle tissue growth",31,-0.448130143707333,-1.55194985245988,0.0392452376672,0.856360349865011,0.856360349865011,1257,"tags=29%, list=10%, signal=26%","Bmpr1a/Tgfbr3/Trip10/Fgfr1/Ddx39b/Mef2c/Pim1/Sirt1/Rbpj",0.321775918075361
"GO:0051412","response to corticosterone",32,0.420733043969789,1.54996090557663,0.0253764543935668,0.720340028717792,0.720340028717792,2175,"tags=34%, list=18%, signal=28%","Bax/Fos/Npas4/Ntrk3/Comt/Pebp1/Ptgs1/Maob/Grin2b/Htr7/Nts",0.352487857583619
"GO:0018107","peptidyl-threonine phosphorylation",44,-0.419217960364178,-1.54792487450508,0.0152920409846489,0.578418659725916,0.578418659725916,3383,"tags=43%, list=28%, signal=31%","Stk33/Acvr1b/Gsk3a/Map3k12/Foxo1/Pard3/Dmtn/Egf/Akt1/Hk1/Phip/Mapk1/Sirt2/Trpc5/Stk39/Tbk1/Wnk3/Ogt/Hipk3",0.380730400722792
"GO:0018210","peptidyl-threonine modification",44,-0.419217960364178,-1.54792487450508,0.0152920409846489,0.578418659725916,0.578418659725916,3383,"tags=43%, list=28%, signal=31%","Stk33/Acvr1b/Gsk3a/Map3k12/Foxo1/Pard3/Dmtn/Egf/Akt1/Hk1/Phip/Mapk1/Sirt2/Trpc5/Stk39/Tbk1/Wnk3/Ogt/Hipk3",0.380730400722792
"GO:0034063","stress granule assembly",34,-0.445050749404163,-1.54560452173102,0.018540029762102,0.632068646231661,0.632068646231661,2672,"tags=41%, list=22%, signal=32%","RGD1359108/Csde1/Prkaa1/Eif2s1/Ythdf2/Ddx3x/Heca/Ogfod1/Bicd1/Ythdf3/Hif1a/Fmr1/Igf2bp1/Atg5",0.352487857583619
"GO:0006991","response to sterol depletion",19,0.488465521545554,1.54475102224883,0.0369545011169248,0.846571142160484,0.846571142160484,2990,"tags=53%, list=25%, signal=40%","Armc5/Arhgef10l/Pip4p1/Spring1/Zbtb7b/Lyn/LOC120102490/Scap/Paqr3/Srebf2",0.321775918075361
"GO:0006959","humoral immune response",62,0.373614370422733,1.54189684596053,0.0151960489627286,0.578418659725916,0.578418659725916,2459,"tags=37%, list=20%, signal=30%","Tfeb/Rpl39/Hist3h2ba/Krt1/C1qb/Romo1/B2m/Ccl5/Fau/Gapdh/Ccl6/Notch2/C1qc/Clu/Cfh/Phb1/Wfdc2/Spns2/Notch1/Cfp/RT1-Db1/Inhca/C3",0.380730400722792
"GO:0021602","cranial nerve morphogenesis",16,0.524331478484434,1.54089953753406,0.0475318129206434,0.896275851917274,0.896275851917274,195,"tags=19%, list=2%, signal=18%","Dmd/Ephb1/Gli3",0.321775918075361
"GO:0002438","acute inflammatory response to antigenic stimulus",19,-0.51110531931782,-1.5388302570024,0.0472534296156196,0.896275851917274,0.896275851917274,758,"tags=26%, list=6%, signal=25%","A2m/Cnr1/Oprm1/Adcyap1/Npy5r",0.321775918075361
"GO:0016202","regulation of striated muscle tissue development",32,-0.455924371356211,-1.53661829475556,0.0121003289729219,0.550034252084925,0.550034252084925,2280,"tags=41%, list=19%, signal=33%","Prkaa1/Luc7l1/Sirt2/Ybx3/Tcf7l2/Igf2/Shh/Tsc22d3/Mef2c/Dll1/Bdnf/Sox15/Rps6kb1",0.380730400722792
"GO:1902410","mitotic cytokinetic process",32,0.416827257887,1.5355721718638,0.0288108008985011,0.730742649501751,0.730742649501751,1595,"tags=28%, list=13%, signal=24%","Aurkb/Iqgap1/Stx2/Iqgap2/Mtmr4/Chmp4c/Chmp4b/Mtmr3/Plk1",0.352487857583619
"GO:2000047","regulation of cell-cell adhesion mediated by cadherin",16,0.522058262479218,1.53421903553316,0.0496443001263582,0.896275851917274,0.896275851917274,2568,"tags=62%, list=21%, signal=49%","Ppm1f/Afdn/Wnt5a/Vegfa/Rgcc/Notch1/Nexmif/Adam19/Smad7/Epcam",0.321775918075361
"GO:0018200","peptidyl-glutamic acid modification",16,-0.528978707323776,-1.53380779825495,0.0318505639827066,0.774880857081622,0.774880857081622,3076,"tags=56%, list=25%, signal=42%","Agbl5/Ttll7/Naa80/Cfap20/Ttll11/Agtpbp1/Ttll5/Ggcx/Tpgs1",0.321775918075361
"GO:0045475","locomotor rhythm",18,0.500068436307125,1.53155858763021,0.0423797456371398,0.871475563062136,0.871475563062136,1558,"tags=33%, list=13%, signal=29%","Usp2/Egr1/Ncoa2/Ncor1/Id2/Kcnma1",0.321775918075361
"GO:0048668","collateral sprouting",32,-0.45369799353881,-1.5291146535813,0.0124047358004596,0.551684097741921,0.551684097741921,3120,"tags=41%, list=26%, signal=30%","Dcx/Epha7/Spp1/Fgf13/Sema4d/Spg21/Hdac6/Bdnf/Zeb2/Cd2ap/Septin7/Npr2/Nin",0.380730400722792
"GO:0042632","cholesterol homeostasis",68,-0.382749862114508,-1.52676783420376,0.0138292960927039,0.567813173482209,0.567813173482209,2158,"tags=29%, list=18%, signal=24%","Ephx2/Tsku/Nus1/Ampd2/Dgat2/Errfi1/Fabp3/Nfe2l1/Pcsk5/Abca5/Cav1/Lima1/Abcg1/Slc37a4/Sirt1/G6pc1/Lipg/Ttc39b/Lpl/Mylip",0.380730400722792
"GO:0033619","membrane protein proteolysis",47,-0.408278316015992,-1.52504377416938,0.0180195037481126,0.622513789484795,0.622513789484795,2489,"tags=32%, list=21%, signal=25%","Ptpn3/Bace2/Sh3d19/Parl/Adam10/Mbtps1/Prtn3/Rbmx/Sppl2a/Aph1b/Erap1/Adam8/Hm13/Lrig2/Myh9",0.352487857583619
"GO:0043487","regulation of RNA stability",162,-0.327568853274201,-1.52329606234587,0.00294188432924725,0.362972490337125,0.362972490337125,2043,"tags=27%, list=17%, signal=22%","Rbm33/Ago3/Hnrnpu/Ythdf2/Ybx1/Larp4b/Fxr1/Cnot6/Khnyn/Patl1/Qki/Eif4enif1/Traf2/Dhx36/Hnrnpd/Cnot7/Tardbp/Lsm1/Thrap3/Paip1/Pde12/Ythdf3/Taf15/Tut4/Elavl4/Tent5a/Tnrc6a/Trdmt1/Rc3h2/Fmr1/Cnot6l/Dcp1a/Cnot2/Larp1bl/Fastkd1/Alkbh5/Senp1/Igf2bp1/Rbm24/Khsrp/Plekhn1/Tob1/Igf2bp3",0.431707695803346
"GO:0046677","response to antibiotic",61,-0.38325680282875,-1.52294174683994,0.0152599069966371,0.578418659725916,0.578418659725916,874,"tags=18%, list=7%, signal=17%","Atp7a/Mef2c/Hif1a/Cyp11a1/Skil/Zc3h8/Sirt1/Hyal1/Vps54/Slc7a11/Gria2",0.380730400722792
"GO:0001736","establishment of planar polarity",27,0.43820563962599,1.52108301762313,0.0287271575993396,0.730742649501751,0.730742649501751,2509,"tags=44%, list=21%, signal=35%","Celsr1/Sfrp2/Sec24b/Fzd6/Ptk7/Wnt5a/Fzd3/Astn2/Alms1/Erbb4/Nphp1/Sfrp1",0.352487857583619
"GO:0007164","establishment of tissue polarity",27,0.43820563962599,1.52108301762313,0.0287271575993396,0.730742649501751,0.730742649501751,2509,"tags=44%, list=21%, signal=35%","Celsr1/Sfrp2/Sec24b/Fzd6/Ptk7/Wnt5a/Fzd3/Astn2/Alms1/Erbb4/Nphp1/Sfrp1",0.352487857583619
"GO:0055088","lipid homeostasis",124,-0.338117737890301,-1.52043289790112,0.00408394403874328,0.391907370532735,0.391907370532735,2376,"tags=27%, list=20%, signal=22%","Plpp6/Prkaa1/Atp13a2/Ephx2/Tsku/Nus1/Nr1d2/Bloc1s6/Ddx3x/Pnpla4/Ampd2/Dgat2/Usf1/Osbpl10/Lipa/Errfi1/Fabp3/Sesn2/Nfe2l1/Pcsk5/Abca5/Tlcd3b/Cav1/Lima1/Abcg1/Slc37a4/Sirt1/Cert1/Osbpl8/G6pc1/Lipg/Ttc39b/Lpl/Mylip",0.407017918923954
"GO:1902882","regulation of response to oxidative stress",35,-0.434551325569205,-1.52042044966293,0.0203501679355272,0.641582037757821,0.641582037757821,1391,"tags=23%, list=11%, signal=20%","Hdac6/Aifm2/Sesn2/Fbln5/Usp25/Sesn1/Slc7a11/Oxr1",0.352487857583619
"GO:0003281","ventricular septum development",61,0.360803680244399,1.51921297077084,0.0230781342125361,0.680424730242342,0.680424730242342,2488,"tags=41%, list=21%, signal=33%","Ccn1/Adamts19/Lrp2/Sav1/Nprl3/Nfatc1/Ptk7/Luzp1/Wnt5a/Sox11/Heg1/Sufu/Id2/Prox1/Notch1/Fgfrl1/Zfpm2/Slit2/Sall1/Bmpr2/Slit3/Smarca4/Smad6/Nog/Smad7",0.352487857583619
"GO:0045333","cellular respiration",267,0.293118853838046,1.51897599179415,0.000311923325327106,0.115456190846076,0.115456190846076,2856,"tags=34%, list=24%, signal=27%","Bax/Cox7a2/Uqcr10/Suclg1/Bloc1s1/Eif6/Ndufa2/Aldoc/Gapdh/Ndufb8/Pgam1/Cox6a1/Atp5f1d/Uqcrc1/Zbtb20/Ndufc2/Atp5po/Ifnlr1/Ndufs8/Atp5f1e/Stoml2/Dnajc15/Ndufb6/Chchd4/Sucla2/Uqcrfs1/Pdhx/Ndufa6/Ndufv3/Pank2/Ndufs2/Ak2/Ndufa8/Cox10/Uqcc2/Etfdh/Ndufv2/Ndufa12/Bcl7a/Cyc1/Ndufa3/Fh/Galk1/Idh3g/Ndufb11/Ncor1/Uchl1/Cox4i1/Chchd5/Prdm16/Sirt4/Shmt2/Uqcr11/Ppif/Etfb/Stat3/Cdk1/Ndufb7/Atp5me/Mif/Slc4a4/Sdhb/Mdh2/Coq7/Mpc1/Iscu/Bpgm/Macroh2a1/Pgk1/Pfkfb3/Cox5a/C9h2orf69/Ogdhl/Coq10a/Cox6b1/Foxred1/Ahdc1/Tigar/Igf1/Gpd1/Trap1/Tpi1l2/Abcc9/Adpgk/Idh3b/Ndufs4/Pdpr/Adsl/Cox7a2-ps2/Rhoa/Abcd1",0.49849310876659
"GO:0061013","regulation of mRNA catabolic process",164,-0.32875236306563,-1.51794754368155,0.00372497642791266,0.373585521001458,0.373585521001458,2438,"tags=30%, list=20%, signal=25%","Csde1/Fto/Mettl16/Zc3hav1/Parn/Cnot8/Gtpbp1/Rbm33/Ago3/Hnrnpu/Ythdf2/Ybx1/Larp4b/Fxr1/Cnot6/Khnyn/Patl1/Qki/Upf3a/Eif4enif1/Traf2/Dhx36/Hnrnpd/Cnot7/Tardbp/Lsm1/Thrap3/Paip1/Pde12/Ythdf3/Taf15/Tut4/Elavl4/Tent5a/Tnrc6a/Rc3h2/Fmr1/Cnot6l/Dcp1a/Cnot2/Larp1bl/Fastkd1/Alkbh5/Senp1/Igf2bp1/Rbm24/Khsrp/Plekhn1/Tob1/Igf2bp3",0.431707695803346
"GO:0071108","protein K48-linked deubiquitination",26,-0.477789405281661,-1.5174425592226,0.0163833298045332,0.602116418773695,0.602116418773695,494,"tags=19%, list=4%, signal=18%","Usp7/Usp33/Usp25/Otud4/Usp20",0.352487857583619
"GO:0070585","protein localization to mitochondrion",82,0.346820160157374,1.51343753809809,0.0122395241576036,0.551523601606105,0.551523601606105,1842,"tags=28%, list=15%, signal=24%","Bax/Mff/Romo1/Uqcrc1/Tomm7/Dnajc15/Chchd4/Timm10b/Bag3/Fbxo7/Trmt10b/Timm21/Timm10/Mavs/Tomm40/Mtch1/Mtx1/Grpel1/Aip/Sarm1/Lrrk2/Timm23/Pmaip1",0.380730400722792
"GO:0015909","long-chain fatty acid transport",44,-0.409875352513314,-1.51342812948839,0.0200413338581763,0.641582037757821,0.641582037757821,3106,"tags=43%, list=26%, signal=32%","Eprs1/Acsl6/Ntsr1/Acsl3/Cpt2/Hrh3/Akt1/Abcd3/Pla2g6/Plin2/Irs2/Syk/Cpt1b/Thbs1/Fabp3/Drd2/Acsl1/Kiss1r/Rps6kb1",0.352487857583619
"GO:0048634","regulation of muscle organ development",34,-0.435088942506038,-1.51100843621275,0.0242445317467181,0.694116925477864,0.694116925477864,3019,"tags=47%, list=25%, signal=35%","Neurog1/Sfmbt1/Lef1/Prkaa1/Luc7l1/Sirt2/Ybx3/Tcf7l2/Igf2/Shh/Tsc22d3/Mef2c/Dll1/Bdnf/Sox15/Rps6kb1",0.352487857583619
"GO:0030521","androgen receptor signaling pathway",37,-0.428946435206958,-1.5103242188233,0.0200867824115379,0.641582037757821,0.641582037757821,1393,"tags=27%, list=12%, signal=24%","Tcf7l2/Taf1/Pten/Zbtb7a/Daxx/Sirt1/Ube3a/Kdm4c/Rnf6/Kdm5d",0.352487857583619
"GO:1904263","positive regulation of TORC1 signaling",50,-0.397772714905133,-1.50666890782852,0.0140391842290181,0.567813173482209,0.567813173482209,1787,"tags=32%, list=15%, signal=27%","Syk/Lamtor4/Rheb/Gpr137b/Samtor/Sesn2/Rragd/Tbk1/Pim1/Fnip1/Rnf167/Fnip2/Stambpl1/Slc38a9/Rps6kb1/Ogt",0.380730400722792
"GO:0070129","regulation of mitochondrial translation",21,0.47749016606336,1.50649699005575,0.0403480102215891,0.856360349865011,0.856360349865011,1841,"tags=38%, list=15%, signal=32%","Mtg2/Uqcc2/Coa3/Fastkd3/Malsu1/Shmt2/Mtg1/Mief1",0.321775918075361
"GO:1904322","cellular response to forskolin",20,0.483730899031746,1.5059307390759,0.0280475904303229,0.730742649501751,0.730742649501751,2979,"tags=45%, list=25%, signal=34%","Bysl/Grin2b/Adcy3/Adcy2/Ptger3/Rap1b/Pim3/Creb1/Fdx2",0.352487857583619
"GO:1905710","positive regulation of membrane permeability",41,0.394394470029917,1.50345255087871,0.0259630226569128,0.722231338747965,0.722231338747965,2292,"tags=29%, list=19%, signal=24%","Bax/Erbb3/Laptm5/Bcl2l11/Bok/Spg7/Ppif/Lrrk2/Acaa2/Bak1/Ckmt1/Hspa1a",0.352487857583619
"GO:0055092","sterol homeostasis",70,-0.372827934824942,-1.50324466669543,0.0110058031766727,0.53049537141512,0.53049537141512,2158,"tags=29%, list=18%, signal=24%","Ephx2/Tsku/Nus1/Ampd2/Dgat2/Errfi1/Fabp3/Nfe2l1/Pcsk5/Abca5/Cav1/Lima1/Abcg1/Slc37a4/Sirt1/G6pc1/Lipg/Ttc39b/Lpl/Mylip",0.380730400722792
"GO:0098656","monoatomic anion transmembrane transport",87,-0.362302004761611,-1.50219622423077,0.00665109329069134,0.471120745664337,0.471120745664337,3369,"tags=46%, list=28%, signal=33%","Tcaf1/Gpr89/Gabrg3/Trpv1/Slc26a10/Slc6a1/Ano6/Gabra5/Slc39a14/Gabrb3/Gabrb1/Pcyox1/Lrrc8b/Slc12a2/Gabrd/Clcn7/Kcnk1/Vdac1/Hk1/Slc12a6/Slc26a2/Slc17a6/Clcn4/Slc4a10/Kcnk2/Slc4a3/Clcn2/Slc17a7/Slc1a1/Clcn1/Gabra1/Mfsd8/Clcc1/Slc4a5/Slc26a8/Clic4/Ano8/Gabrg2/Clcn3/Slc26a6",0.407017918923954
"GO:0045672","positive regulation of osteoclast differentiation",25,0.448349032291219,1.50191563060881,0.0370480669092624,0.846571142160484,0.846571142160484,3102,"tags=48%, list=26%, signal=36%","Fos/Ccl5/Ninj1/Notch2/Asxl2/Klf10/Csf1/Traf6/Gnas/Ppargc1b/Creb1/Rptor",0.321775918075361
"GO:0014004","microglia differentiation",15,-0.530566643845088,-1.50173780398993,0.048828125,0.896275851917274,0.896275851917274,1779,"tags=27%, list=15%, signal=23%","Ndp/Qki/Mfsd8/Vps54",0.287857117255149
"GO:0051385","response to mineralocorticoid",59,0.370514818007175,1.50102327160726,0.0156773315330467,0.584459942476602,0.584459942476602,1597,"tags=25%, list=13%, signal=22%","Bax/Ran/Igf1r/Sgk1/Fos/Npas4/Ntrk3/Serpine1/Rpl27/Comt/Pebp1/Ptgs1/Maob/Grin2b/Cybb",0.352487857583619
"GO:0060612","adipose tissue development",62,-0.376394505751236,-1.49889312310933,0.0241428059115903,0.694116925477864,0.694116925477864,2599,"tags=34%, list=21%, signal=27%","Hmga2/Xbp1/Sptlc2/Fto/Bbs4/Prkaa1/Oxct1/Hsd17b1/Bdh1/Dgat2/Lipa/Aacs/Errfi1/Sh3pxd2b/Amer1/Cd2ap/Sirt1/Tbl1xr1/Ap1s2/Lpl/Arrdc3",0.352487857583619
"GO:0097237","cellular response to toxic substance",103,0.329112084608696,1.49541071181715,0.00823074867372944,0.474240159819063,0.474240159819063,2204,"tags=29%, list=18%, signal=24%","Suclg1/Fis1/Gpx1/Ambp/Apoe/Fancc/Slc22a3/Kcnc2/Ptpn13/Sucla2/Gpx4/Gatd1/Aldh1a1/Slc11a1/Mt3/Ptgs1/Oprd1/Esd/Gstt2/Prdx1/Selenos/Clic2/Selenow/Nqo1/Cyp1b1/Nfe2l2/Cp/Hp/Selenof/Rab40b",0.380730400722792
"GO:0071604","transforming growth factor beta production",27,-0.450976327558617,-1.49329216834694,0.0492700729927007,0.896275851917274,0.896275851917274,4252,"tags=67%, list=35%, signal=43%","Tyrobp/Cd24/Laptm4b/Tgfb2/Smad3/Cd200/Klf15/Atp6ap2/Furin/Lum/Tsku/Serpinf2/Thbs1/Bmpr1a/Jun/Hif1a/Cd2ap/Cx3cl1",0.276500599254472
"GO:1903311","regulation of mRNA metabolic process",269,-0.301896633996907,-1.49303876438318,0.00113269923759044,0.225755671122832,0.225755671122832,2464,"tags=29%, list=20%, signal=23%","Rbm42/Csde1/C1qbp/Fto/Mettl16/Upf3b/Zc3hav1/Parn/Cnot8/Eif1/Gtpbp1/Srpk1/Rbm33/Ago3/Khdrbs3/Hnrnpu/Ythdf2/Dyrk1a/Ythdc1/Obi1/Rbfox3/Hnrnpa1/Ybx1/Khdrbs1/Larp4b/Srrm1/Fxr1/Cnot6/Khnyn/Patl1/Qki/Upf3a/Eif4enif1/Traf2/Mbnl2/Dhx36/Hnrnpd/Celf5/Cnot7/Rbmx/Tardbp/Cstf2/Lsm1/Sap30bp/Thrap3/Rbm15/Paip1/Pde12/Ythdf3/Taf15/Tut4/Elavl4/Zbtb7a/Hnrnpa2b1/Ccnl2/Tent5a/Tnrc6a/Rc3h2/Fmr1/Celf6/Cnot6l/Dcp1a/Cnot2/Exosc10/Larp1bl/Safb/Fastkd1/Alkbh5/Senp1/Igf2bp1/Rbm24/Khsrp/Rbm11/Snrnp70/Plekhn1/Tob1/Igf2bp3",0.45505986738723
"GO:1990748","cellular detoxification",85,0.33843673189169,1.49203207511074,0.0101969933728062,0.51780942191088,0.51780942191088,2603,"tags=33%, list=21%, signal=26%","Suclg1/Gpx1/Ambp/Apoe/Fancc/Slc22a3/Sucla2/Gpx4/Gatd1/Aldh1a1/Slc11a1/Mt3/Ptgs1/Esd/Gstt2/Prdx1/Selenos/Clic2/Selenow/Nqo1/Nfe2l2/Cp/Hp/Selenof/Rab40b/Gstz1/Mgst1/Prdx5",0.380730400722792
"GO:0009060","aerobic respiration",216,0.291445169676921,1.48968827156145,0.00156272225851963,0.269934224788291,0.269934224788291,2856,"tags=34%, list=24%, signal=26%","Cox7a2/Uqcr10/Suclg1/Bloc1s1/Eif6/Aldoc/Gapdh/Ndufb8/Pgam1/Cox6a1/Atp5f1d/Uqcrc1/Zbtb20/Ndufc2/Atp5po/Ndufs8/Atp5f1e/Stoml2/Dnajc15/Ndufb6/Sucla2/Uqcrfs1/Pdhx/Ndufv3/Pank2/Ndufs2/Ak2/Ndufa8/Cox10/Uqcc2/Ndufv2/Ndufa12/Cyc1/Fh/Galk1/Idh3g/Ncor1/Uchl1/Cox4i1/Sirt4/Shmt2/Uqcr11/Ppif/Stat3/Cdk1/Atp5me/Mif/Slc4a4/Sdhb/Mdh2/Coq7/Mpc1/Iscu/Bpgm/Macroh2a1/Pgk1/Pfkfb3/Cox5a/C9h2orf69/Ogdhl/Cox6b1/Ahdc1/Tigar/Igf1/Gpd1/Tpi1l2/Adpgk/Idh3b/Pdpr/Adsl/Cox7a2-ps2/Rhoa/Abcd1",0.45505986738723
"GO:1902686","mitochondrial outer membrane permeabilization involved in programmed cell death",32,0.402040749280585,1.48109936399097,0.03948433434774,0.856360349865011,0.856360349865011,2292,"tags=31%, list=19%, signal=25%","Bax/Bcl2l11/Bok/Spg7/Ppif/Lrrk2/Acaa2/Bak1/Ckmt1/Hspa1a",0.321775918075361
"GO:0006446","regulation of translational initiation",62,-0.37157465851643,-1.47969933636617,0.0295629735948274,0.736516005617287,0.736516005617287,2216,"tags=27%, list=18%, signal=23%","Eif2s1/Eif1/Zfp598/Ythdf2/Ddx3x/Rxra/Khdrbs1/Paip1/Ythdf3/Gigyf1/Bzw1/Fmr1/Eif3k/Eif2ak4/Rara/Scrib/Rps6kb1",0.352487857583619
"GO:0006766","vitamin metabolic process",23,0.458360837566158,1.4795362788424,0.0397272716027955,0.856360349865011,0.856360349865011,226,"tags=13%, list=2%, signal=13%","Cyp27b1/Pltp/Lrp2",0.321775918075361
"GO:0015914","phospholipid transport",75,-0.361525197369744,-1.47904315613442,0.0188136764840461,0.637205696342006,0.637205696342006,1674,"tags=25%, list=14%, signal=22%","Atp9a/Spns1/Trpc5/Serinc2/Osbpl10/Atp10a/Scarb2/Plekha8/Pitpnm1/Atp10d/Ano3/Abcg1/Cdc50b/Osbpl5/Osbpl8/Atp11c/Atp8b2/Atp11a/Abca7",0.352487857583619
"GO:0045066","regulatory T cell differentiation",30,0.421463574041122,1.47789847049915,0.0269040344797346,0.722366355823755,0.722366355823755,2442,"tags=40%, list=20%, signal=32%","Ambra1/Bcl6/Fanca/Cd44/Klhl25/Ncor1/Prdm16/Hspb1/Yy1/RT1-Db1/Dicer1/Lck",0.352487857583619
"GO:0032371","regulation of sterol transport",40,-0.411239115325336,-1.47645863769036,0.0411489245689671,0.856360349865011,0.856360349865011,1281,"tags=28%, list=11%, signal=25%","Nfkb1/Shh/Gps2/Irak1/Abca5/Cav1/Abcg1/Sirt1/Lipg/Ttc39b/Abca7",0.321775918075361
"GO:0032374","regulation of cholesterol transport",40,-0.411239115325336,-1.47645863769036,0.0411489245689671,0.856360349865011,0.856360349865011,1281,"tags=28%, list=11%, signal=25%","Nfkb1/Shh/Gps2/Irak1/Abca5/Cav1/Abcg1/Sirt1/Lipg/Ttc39b/Abca7",0.321775918075361
"GO:0006814","sodium ion transport",155,-0.319956542857121,-1.46799774123865,0.00707421207992478,0.474240159819063,0.474240159819063,3128,"tags=37%, list=26%, signal=28%","Slc8a3/Scn1a/Slc6a1/Nkain2/Ano6/Slc9a7/Slc9a6/Nalcn/Fgf13/Tpcn2/Chp1/Slc24a4/Pkd2/Ptpn3/Slc12a2/Akt1/Slc9a8/Tmem43/Atp1b3/Kcnk1/Slc20a2/Slc28a3/Fgf14/Cacna1i/Slc6a9/Slc17a6/Atp1b1/Snta1/Kif5b/Slc4a11/Slc10a4/Fxyd6/Cacna1g/Oxsr1/Slc4a10/Nkain1/Stk39/Akt3/Slmap/Slc17a7/Tpcn1/Drd2/Gpd1l/Slc13a3/Tmem65/Scn5a/Slc4a5/Scn3b/Slc6a8/Wnk3/Dmpk/Slc23a2/Cntn1/Slc9a5/Sik1/Slc38a4/Slc9d1",0.407017918923954
"GO:0086065","cell communication involved in cardiac conduction",30,-0.429351296460674,-1.46709297719181,0.0386738494165975,0.85325328655755,0.85325328655755,1401,"tags=27%, list=12%, signal=24%","Cacna1g/Pde4d/Cacna2d1/Gjc1/Cav1/Scn5a/Scn3b/Kcnn2",0.321775918075361
"GO:2000765","regulation of cytoplasmic translation",33,-0.425339087067096,-1.46667780888094,0.0193941347421746,0.641582037757821,0.641582037757821,2983,"tags=48%, list=25%, signal=37%","Eef2/Impact/Pkm/Csde1/Hnrnpu/Ythdf2/Ybx1/Ybx3/Dhx36/Hnrnpd/Paip1/Cpeb2/Fmr1/Eif2ak4/Igf2bp1/Rbm24",0.352487857583619
"GO:0001942","hair follicle development",72,0.34112716401381,1.46554931774024,0.0265815112776213,0.722231338747965,0.722231338747965,2388,"tags=33%, list=20%, signal=27%","Lrp4/Lama5/Celsr1/Smo/Lhx2/Fzd6/Sav1/Tnfrsf19/Wnt5a/Fzd3/Numa1/Zmpste24/Tmem79/Myo5a/Mif/Apc/Notch1/Nom1/Gnas/Rela/Tradd/Dicer1/Ctnnb1/Dbi",0.352487857583619
"GO:0060421","positive regulation of heart growth",33,-0.424895730821361,-1.46514900330717,0.0203103745690798,0.641582037757821,0.641582037757821,1257,"tags=27%, list=10%, signal=25%","Bmpr1a/Tgfbr3/Trip10/Fgfr1/Ddx39b/Mef2c/Pim1/Sirt1/Rbpj",0.352487857583619
"GO:0097006","regulation of plasma lipoprotein particle levels",42,-0.398193895271828,-1.46305172123982,0.0275808355091856,0.729829684760666,0.729829684760666,2061,"tags=31%, list=17%, signal=26%","Apom/Bloc1s6/Vldlr/Dgat2/Lipa/Plagl2/Abca5/Abcg1/Khsrp/Lipg/Lpl/Mylip/Abca7",0.352487857583619
"GO:0042698","ovulation cycle",87,-0.351689165216268,-1.45819269324321,0.0114972529325329,0.536745627895365,0.536745627895365,1912,"tags=26%, list=16%, signal=22%","Gpr149/Egfr/Mapk1/Inhba/Arrb2/Enpp2/Nrip1/Ets1/Pde4d/Ptx3/Arrb1/A2m/Stat5b/Oprm1/Pdgfra/Plekha1/Sirt1/Npy5r/Mstn/Casp2/Npr2/Slc26a6/Myh9",0.380730400722792
"GO:0006820","monoatomic anion transport",97,-0.337393938354836,-1.45366077989159,0.0155980052700093,0.584459942476602,0.584459942476602,3369,"tags=43%, list=28%, signal=32%","Tcaf1/Gpr89/Gabrg3/Trpv1/Slc26a10/Slc6a1/Ano6/Gabra5/Slc39a14/Gabrb3/Gabrb1/Pcyox1/Lrrc8b/Slc12a2/Gabrd/Clcn7/Kcnk1/Vdac1/Hk1/Slc12a6/Slc26a2/Slc17a6/Slc4a11/Clcn4/Slc4a10/Kcnk2/Slc4a3/Clcn2/Slc17a7/Slc1a1/Clcn1/Slc12a4/Gabra1/Mfsd8/Clcc1/Slc4a5/Slc26a8/Clic4/Ano8/Gabrg2/Clcn3/Slc26a6",0.380730400722792
"GO:0006509","membrane protein ectodomain proteolysis",37,-0.41269750221012,-1.45311158101849,0.0346006906131954,0.826270869850593,0.826270869850593,2489,"tags=32%, list=21%, signal=26%","Ptpn3/Bace2/Sh3d19/Adam10/Prtn3/Rbmx/Sppl2a/Aph1b/Erap1/Adam8/Lrig2/Myh9",0.321775918075361
"GO:0006661","phosphatidylinositol biosynthetic process",83,-0.343898436439292,-1.45244860167184,0.0292347127707593,0.731856432744322,0.731856432744322,1569,"tags=23%, list=13%, signal=20%","Inpp4b/Inpp4a/Bpnt1/Pigp/Pigu/Pip4k2c/Slc30a5/Impa2/Pigb/Hycc1/Pip5k1b/Pik3c2a/Pi4kb/Sh3yl1/Pigm/Pigh/Bpnt2/Atg14/Pik3r1",0.352487857583619
"GO:1903432","regulation of TORC1 signaling",87,-0.349581080587577,-1.44945203840841,0.0126689323873579,0.551684097741921,0.551684097741921,2747,"tags=37%, list=23%, signal=29%","Mios/RGD1359108/Rnf152/Peli1/Akt1/Lars1/Prkaa1/Usp32/Ywhaz/Atxn3/Syk/Lamtor4/Rheb/Gpr137b/Samtor/Pten/Sesn2/Rragd/Nprl2/Tbk1/Pim1/Fnip1/Rnf167/Usp7/Fnip2/Stambpl1/Slc38a9/Sesn1/Prkacb/Ube3a/Rps6kb1/Ogt",0.380730400722792
"GO:0015980","energy derivation by oxidation of organic compounds",340,0.273052372008323,1.44840467836247,0.000501461570922199,0.148279840440995,0.148279840440995,2856,"tags=33%, list=24%, signal=26%","Bax/Cox7a2/Uqcr10/Suclg1/Bloc1s1/Eif6/Ndufa2/Aldoc/Grb10/Per2/Gapdh/Ndufb8/Atg2a/Pgam1/Cox6a1/Atp5f1d/Adra1b/Uqcrc1/Zbtb20/Ndufc2/Sorbs1/Atp5po/Ifnlr1/Ndufs8/Atp5f1e/Stoml2/Dnajc15/Ndufb6/Chchd4/Sucla2/Uqcrfs1/Pdhx/Ndufa6/Ndufv3/Pank2/Ndufs2/Ak2/Ndufa8/Cox10/Uqcc2/C1qtnf2/Etfdh/Ndufv2/Ndufa12/Comt/Mt3/Bcl7a/Cyc1/Ndufa3/Irs1/Fh/Atg2b/Galk1/Idh3g/Ndufb11/Ncor1/Gfpt1/Uchl1/Cox4i1/Wipi1/Phka2/Chchd5/Prdm16/Sirt4/Shmt2/Uqcr11/Ppp1r1a/Ppif/Etfb/Hmgb1/Stat3/Cdk1/Ndufb7/Atp5me/Mif/Slc4a4/Sdhb/Mdh2/Pomc/Coq7/Mpc1/Gnas/Iscu/Slc25a12/Bpgm/Macroh2a1/Pgk1/Pfkfb3/Cox5a/C9h2orf69/Ogdhl/Coq10a/Cox6b1/Foxred1/Ahdc1/Tigar/Igf1/Gpd1/Trap1/Tpi1l2/Abcc9/Adpgk/Gabarapl1/Idh3b/Ppp1r2/Ndufs4/Pdpr/Adsl/Pgm1/Cox7a2-ps2/Rhoa/Abcd1",0.477270815362862
"GO:0002832","negative regulation of response to biotic stimulus",82,-0.351829899541934,-1.44620086080518,0.0200197073122772,0.641582037757821,0.641582037757821,2905,"tags=38%, list=24%, signal=29%","Nmi/Il4i1/Itch/Zdhhc18/Susd4/Grb2/Dnaja3/Crk/C1qbp/Stat2/Grn/Ywhaz/Ythdf2/Serping1/Rps19/Ppm1b/Arrb2/Cnot7/Igf2/Pten/Arg1/Fam3a/Usp15/Drd2/Ythdf3/A2m/Nectin4/Pim1/Tap2/Atg5/Pcbp2",0.352487857583619
"GO:0071806","protein transmembrane transport",66,0.343369416292197,1.44142797401473,0.0287367689487798,0.730742649501751,0.730742649501751,3259,"tags=38%, list=27%, signal=28%","Romo1/Pex26/Pex1/Tomm7/Dnajc15/Chchd4/Timm21/Pex16/Tomm40/Bcr/Pex7/Grpel1/Timm23/Lonp2/Myo5b/Sec61g/Sec61a1/Sec63/Timm50/Pex10/Tomm22/Hspa8/Abca1/Hpse/Dnajc19",0.352487857583619
"GO:1902373","negative regulation of mRNA catabolic process",68,-0.361333125655806,-1.44133766798992,0.025578234153456,0.720360920560917,0.720360920560917,1722,"tags=28%, list=14%, signal=24%","Ybx1/Larp4b/Fxr1/Qki/Upf3a/Eif4enif1/Traf2/Hnrnpd/Tardbp/Thrap3/Paip1/Taf15/Elavl4/Tent5a/Larp1bl/Igf2bp1/Rbm24/Tob1/Igf2bp3",0.352487857583619
"GO:0045017","glycerolipid biosynthetic process",173,-0.307086508598158,-1.43948809959149,0.00759698821642081,0.474240159819063,0.474240159819063,3113,"tags=34%, list=26%, signal=25%","Dgkb/Capn2/Lpin1/Acsl6/Hycc2/Dgkq/Acsl3/Itpka/Dgkd/Gpld1/Pck2/Lpcat1/Pik3cd/Sh3glb1/Acsl4/Pigv/Crls1/Pigw/Pcyt2/Lpin2/Pip4k2a/Selenoi/Htr2a/Tmem68/Chpt1/Chkb/Inpp4b/Dgat2/Inpp4a/Bpnt1/Pigp/Pigu/Tcf7l2/Pip4k2c/Slc30a5/Avil/Impa2/Pigb/Fabp3/Hycc1/Pip5k1b/Pik3c2a/Dgkg/Gk/Alox15/Pi4kb/Acsl1/Sh3yl1/Lpin3/Sirt1/Pigm/Pigh/Bpnt2/Atg14/Lpl/Sik1/Pik3r1/Far1",0.407017918923954
"GO:0016051","carbohydrate biosynthetic process",147,-0.316655787297904,-1.43891131747707,0.0176782588051079,0.615833902390952,0.615833902390952,2881,"tags=33%, list=24%, signal=26%","Dgkq/Ntsr1/Chst11/Foxo1/Slc39a14/Pck2/Ppp4r3b/St3gal4/Egf/Akt1/Ext1/Epm2aip1/Sirt7/Prkaa1/Akr1b1/Ugp2/Irs2/Smpd3/Gbe1/Wdr5/B4galt1/Ranbp2/Pth1r/Dgat2/Atf3/Pgm2/Ppara/Tcf7l2/Kat2b/Nfkb1/Nhlrc1/Igf2/Sesn2/Inpp5k/Arrb1/Ppp4r3a/Hif1a/Oprm1/Slc37a4/B3galt1/Usp7/Gpt/Ctdspl2/Sirt1/St6galnac6/G6pc1/Ogt/Sik1/Myh9",0.352487857583619
"GO:0072080","nephron tubule development",68,0.335692973465115,1.43240211258664,0.0368124074065493,0.846571142160484,0.846571142160484,1287,"tags=22%, list=11%, signal=20%","Lama5/Gli3/Lrp2/Smo/Abcc2/Aqp1/Kif26b/Cd44/Calb1/Notch2/Vegfa/Pkd1/Tmem59l/Klhl3/Acat1",0.321775918075361
"GO:0055021","regulation of cardiac muscle tissue growth",61,-0.360368699917994,-1.43199163931025,0.0440677966101695,0.885811965811966,0.885811965811966,2962,"tags=38%, list=24%, signal=29%","Ccnb1/Fgf9/Gsk3a/Hdac2/Gli1/Rgs4/Tomm70/Pak1/Dyrk1a/Mapk1/Ppara/Kcnk2/Bmpr1a/Tgfbr3/Trip10/Pten/Fgfr1/Ddx39b/Mef2c/Pim1/Sirt1/Tgfbr1/Rbpj",0.282013350011725
"GO:0010770","positive regulation of cell morphogenesis",64,-0.356791555063335,-1.4313216949294,0.0459645477478121,0.896275851917274,0.896275851917274,3117,"tags=48%, list=26%, signal=36%","Epha4/Mfn1/Actr2/Ilk/Mapre3/Dnm1l/Itpka/Pias2/Sh3glb1/Vamp7/Lrp8/Numb/Il1rapl1/Parp6/Akap5/Grip1/Stau2/Hdac6/Gprasp3/Dhx36/Camk2b/Ache/Pafah1b1/Numbl/Caprin2/Fbxw8/Opa1/Marcks/Cask/Ss18l1/Slc30a1",0.321775918075361
"GO:0051932","synaptic transmission, GABAergic",63,-0.357723979175174,-1.42459954658366,0.0402452071592336,0.856360349865011,0.856360349865011,3291,"tags=43%, list=27%, signal=31%","Gabrg3/Grik1/Slc6a1/Gabra5/Gabrb3/Nalcn/Gabbr2/Gabrb1/Plcl2/Prkce/Gabrd/Pak1/Cntnap4/Htr1b/Kif5b/Kcnk2/Pten/Drd2/Gabbr1/Tpbg/Cnr1/Bdnf/Gabra1/Gabrg2/Clcn3/Vps54/Npy5r",0.321775918075361
"GO:0098773","skin epidermis development",94,0.323022323333113,1.42398971551945,0.0265374438028869,0.722231338747965,0.722231338747965,2388,"tags=31%, list=20%, signal=25%","Lrp4/Lama5/Celsr1/Krt1/Smo/Lhx2/Fzd6/Sav1/Tnfrsf19/Wnt5a/Fzd3/Numa1/Elovl1/Ncor1/Zmpste24/Tmem79/Myo5a/Ncor2/Mif/Apc/Notch1/Nom1/Gnas/Ap3b1/Rela/Tradd/Dicer1/Ctnnb1/Dbi",0.352487857583619
"GO:0048661","positive regulation of smooth muscle cell proliferation",102,-0.328167708796689,-1.42397793003435,0.0274188752643119,0.729829684760666,0.729829684760666,2533,"tags=33%, list=21%, signal=27%","Xbp1/Hes5/Akt1/Skp2/Hdac4/Stat1/Tgm2/Akr1b1/Pdgfd/Pak1/Smpd3/Egfr/Nqo2/Serpinf2/Htr1b/Myc/Il6r/Nampt/Thbs1/Bmpr1a/Pde4d/Irak1/Ddx39b/Jun/Hif1a/Stat5b/Cx3cl1/Poldip2/Rbpj/Npy5r/Nr4a3/Ern1/Rps6kb1/Pik3r1",0.352487857583619
"GO:0098869","cellular oxidant detoxification",54,0.351018375559603,1.42377730634022,0.0384045087174329,0.85325328655755,0.85325328655755,2603,"tags=35%, list=21%, signal=28%","Gpx1/Ambp/Apoe/Fancc/Gpx4/Mt3/Ptgs1/Gstt2/Prdx1/Selenos/Clic2/Selenow/Nqo1/Nfe2l2/Cp/Hp/Selenof/Mgst1/Prdx5",0.321775918075361
"GO:0098754","detoxification",95,0.312528352035954,1.42255700331958,0.0306520151369222,0.759993982964263,0.759993982964263,2204,"tags=29%, list=18%, signal=24%","Suclg1/Gpx1/Ambp/Abcc2/Apoe/Mt2/Fancc/Slc22a3/Sucla2/Gpx4/Akr7a2/Gatd1/Aldh1a1/Slc11a1/Mt3/Ptgs1/Esd/Gstt2/Prdx1/Selenos/Clic2/Selenow/Nqo1/Nfe2l2/Cp/Hp/Selenof/Rab40b",0.352487857583619
"GO:0046486","glycerolipid metabolic process",289,-0.288852560387577,-1.42247491507948,0.00197195881608251,0.309657290452714,0.309657290452714,3131,"tags=31%, list=26%, signal=24%","Lpcat4/Dgkb/Capn2/Lpin1/Acsl6/Mboat1/Gnb3/Hycc2/Dgkq/Acsl3/Itpka/Dgkd/Gpld1/Pck2/Lpcat1/Serinc1/Pik3cd/Plcl2/Sh3glb1/Acsl4/Pigv/Crls1/Pigw/Pla2g6/Pcyt2/Ccnc/Lpin2/Pip4k2a/Selenoi/Htr2a/Tmem68/Chpt1/Synj2/Sacm1l/Chkb/Mecp2/Pnpla4/Inpp4b/Gdpd1/Dgat2/Inpp4a/Bpnt1/Pigp/Serinc2/Pigu/Abhd16a/Pla2g4e/Enpp2/Tcf7l2/Mgll/Lipa/Pip4k2c/Slc30a5/Avil/Impa2/Pigb/Fabp3/Hycc1/Pten/Gnpat/Pip5k1b/Insig2/Pik3c2a/Dgkg/Inpp5k/Gk/Pitpnm1/Alox15/Cav1/Pi4kb/Smpd4/Acsl1/Slc37a4/Tafazzin/Gpcpd1/Sh3yl1/Lpin3/Ocrl/Sirt1/Tbl1xr1/Pigm/Pigh/Bpnt2/Atg14/G6pc1/Lipg/Lpl/Sik1/Pik3r1/Far1/Ddhd2",0.431707695803346
"GO:0050775","positive regulation of dendrite morphogenesis",63,-0.357145974293918,-1.42229770063624,0.0408160516579026,0.856360349865011,0.856360349865011,3117,"tags=49%, list=26%, signal=37%","Epha4/Mfn1/Actr2/Ilk/Mapre3/Dnm1l/Itpka/Pias2/Sh3glb1/Vamp7/Lrp8/Numb/Il1rapl1/Parp6/Akap5/Grip1/Stau2/Hdac6/Gprasp3/Dhx36/Camk2b/Ache/Pafah1b1/Numbl/Caprin2/Fbxw8/Opa1/Marcks/Cask/Ss18l1/Slc30a1",0.321775918075361
"GO:1902369","negative regulation of RNA catabolic process",82,-0.345839887201082,-1.42157884597685,0.0254384842252713,0.720340028717792,0.720340028717792,1722,"tags=27%, list=14%, signal=23%","Ybx1/Larp4b/Fxr1/Qki/Upf3a/Eif4enif1/Traf2/Dhx36/Hnrnpd/Tardbp/Thrap3/Paip1/Taf15/Elavl4/Tent5a/Trdmt1/Tent2/Larp1bl/Igf2bp1/Rbm24/Tob1/Igf2bp3",0.352487857583619
"GO:0006094","gluconeogenesis",73,-0.349588541029081,-1.41863347328421,0.0351142424364377,0.832718257130878,0.832718257130878,1627,"tags=25%, list=13%, signal=21%","Ranbp2/Dgat2/Atf3/Ppara/Tcf7l2/Kat2b/Sesn2/Ppp4r3a/Hif1a/Oprm1/Slc37a4/Usp7/Gpt/Ctdspl2/Sirt1/G6pc1/Ogt/Sik1",0.321775918075361
"GO:0042246","tissue regeneration",72,0.328489922840918,1.41125724682706,0.0410816104074362,0.856360349865011,0.856360349865011,3100,"tags=36%, list=26%, signal=27%","Dmd/Fzd7/Gpx1/Ninj1/Hopx/Igsf10/Serpine1/Notch2/Tarbp2/Vim/Notch3/Adam15/Cdkn1b/Gnat1/Notch1/Fzd9/Dysf/Axl/Erbb4/Dicer1/Prkcq/Igf1/Cdkn1a/Gja1/Cd9/Runx2",0.321775918075361
"GO:0071470","cellular response to osmotic stress",43,-0.381645922962126,-1.40779923527183,0.0492957746478873,0.896275851917274,0.896275851917274,2591,"tags=42%, list=21%, signal=33%","Zfp36l1/Pkd2/Akt1/Xrcc5/Akr1b1/Slc12a6/Arhgef2/Map2k7/Ddx3x/Ybx3/Slc4a11/Oxsr1/Errfi1/Clcn2/Stk39/Usp15/Mapk9/Wnk3",0.271288554688953
"GO:0015931","nucleobase-containing compound transport",170,-0.300979989455747,-1.40624577155939,0.014544984051722,0.578418659725916,0.578418659725916,4040,"tags=45%, list=33%, signal=30%","Setd2/Pnpt1/Lrpprc/Srsf7/Abcg2/Abcc5/Alyref/Xpot/Mcm3ap/Slc25a16/Ssb/Pabpn1/Nup37/Slc25a51/Senp2/Slc33a1/Magohb/Tpr/Slc35b1/Zfp36/Slc25a33/Zfp36l2/Slc25a25/Slc35a2/Xpo1/Nup155/Ndc1/Nup98/Slc25a5-ps11/Poldip3/Zfp36l1/Lrrc8b/Pkd2/Ankh/Slc28a3/Sidt1/Mapt/Eny2/Rbm33/Nup160/Slc35c2/Ythdc1/Arc/Hnrnpa1-ps20/Hnrnpa1/Ybx1/Slc25a36l1/Khdrbs1/Rftn1/Parp11/Slc35a1/Ranbp2/Fxr1/Nol6/Slc35e3/Qki/Slc25a32/Sarnp/Slc35a5/Nup54/Hnrnpa3/Cpsf6/Slc29a2/Ddx39b/Hnrnpa2b1/Thoc2/Fmr1/Shoc2/Slc25a26/Alkbh5/Igf2bp1/Sidt2/Slc35d1/Khsrp/Fyttd1/Igf2bp3",0.380730400722792
"GO:1902017","regulation of cilium assembly",76,-0.346279871032831,-1.40534099373861,0.0267596327749149,0.722231338747965,0.722231338747965,2567,"tags=34%, list=21%, signal=27%","Crocc/Akt1/Bbs4/Ift20/Cyld/Cpap/Odf2l/Dynlt2b/Atg3/Rabep2/Ift88/Cep120/Zmynd10/Tmem67/Lpar1/Marchf7/Cdkl5/Mphosph9/Lima1/Cep128/Entr1/Gdi2/Septin7/Ccdc88a/Atg5/Odf2",0.352487857583619
"GO:0042255","ribosome assembly",65,0.339793689368361,1.40403277301647,0.0356346590943891,0.839358197396019,0.839358197396019,3181,"tags=40%, list=26%, signal=30%","Rpl38-ps8/Eif6/Mtg2/Rps2/Fau/Ndufab1/Rps15/Rps28/Nsun4/Rbfa/Mcat/Mettl17/Mdn1/Malsu1/Rpl11/Mtg1/Mief1/Rps25/Rpl5/Dhx30/Rps14/Dhx29/Mterf4/Rpsa/Nop53/Rps10",0.321775918075361
"GO:0002793","positive regulation of peptide secretion",97,-0.325714179021696,-1.40333857154384,0.0267596327749149,0.722231338747965,0.722231338747965,2770,"tags=35%, list=23%, signal=27%","Gpld1/Pck2/Acsl4/Prkce/Ppp3cb/Fto/Pla2g6/Glud1/Irs2/Egfr/Pex5l/Oxct1/Kif5b/Snap25/Vsnl1/Tcf7l2/Aacs/Tardbp/Cacna2d1/Pfkm/Gipr/Gpr68/Stx4/Drd2/Arrb1/Gabbr1/Cask/Hif1a/Abcg1/Sirt1/Oga/Rab8b/Adcyap1/Myh9",0.352487857583619
"GO:0090277","positive regulation of peptide hormone secretion",97,-0.325714179021696,-1.40333857154384,0.0267596327749149,0.722231338747965,0.722231338747965,2770,"tags=35%, list=23%, signal=27%","Gpld1/Pck2/Acsl4/Prkce/Ppp3cb/Fto/Pla2g6/Glud1/Irs2/Egfr/Pex5l/Oxct1/Kif5b/Snap25/Vsnl1/Tcf7l2/Aacs/Tardbp/Cacna2d1/Pfkm/Gipr/Gpr68/Stx4/Drd2/Arrb1/Gabbr1/Cask/Hif1a/Abcg1/Sirt1/Oga/Rab8b/Adcyap1/Myh9",0.352487857583619
"GO:0060420","regulation of heart growth",66,-0.349868676554728,-1.40049029424554,0.0470588235294118,0.896275851917274,0.896275851917274,2962,"tags=36%, list=24%, signal=28%","Ccnb1/Fgf9/Gsk3a/Hdac2/Gli1/Rgs4/Tomm70/Pak1/Dyrk1a/Mapk1/Ppara/Kcnk2/Bmpr1a/Tgfbr3/Trip10/Pten/Fgfr1/Ddx39b/Mef2c/Pim1/Myh7/Sirt1/Tgfbr1/Rbpj",0.271288554688953
"GO:0045814","negative regulation of gene expression, epigenetic",151,-0.305849332682012,-1.39766252058413,0.0124637619689897,0.551684097741921,0.551684097741921,2407,"tags=32%, list=20%, signal=26%","Lbr/Ezh1/Hdac4/Sirt7/Morc2/Uhrf1/Smchd1/Lmnb1/Smarca1/Atrx/Smarca5/Hnrnpu/Mbd2/Dyrk1a/Ythdc1/Setdb1/Mphosph8/Ctr9/Mecp2/Pcgf5/Sirt2/Kdm5a/Myc/Phf19/Pcgf3/Hdac6/Mtf2/Suz12/Cdan1/Smyd5/Uty/Rbm15/Crebzf/Rsf1/Zfp445/Rrp8/Ctcf/Smarcad1/Baz2a/Bmi1/Usp7/G2e3/Tdrd3/Sirt1/Kmt2d/Resf1/Uhrf2/Bend3",0.380730400722792
"GO:0032024","positive regulation of insulin secretion",77,-0.335071877120107,-1.39676589559222,0.0339958724785623,0.815586162888472,0.815586162888472,2770,"tags=36%, list=23%, signal=28%","Gpld1/Pck2/Acsl4/Prkce/Ppp3cb/Fto/Pla2g6/Glud1/Irs2/Oxct1/Kif5b/Snap25/Vsnl1/Tcf7l2/Aacs/Tardbp/Cacna2d1/Pfkm/Gipr/Gpr68/Stx4/Arrb1/Cask/Hif1a/Abcg1/Sirt1/Oga/Myh9",0.321775918075361
"GO:0098876","vesicle-mediated transport to the plasma membrane",148,-0.30410492678544,-1.39408352637894,0.0134061775327017,0.567813173482209,0.567813173482209,3029,"tags=34%, list=25%, signal=26%","Zdhhc2/Exoc5/Epb41l1/Acsl3/Erbin/Ccdc93/Ehbp1l1/Exoc4/Vamp7/Stx3/Snx17/Phaf1/Vps39/Grip2/Rab12/Akap5/Kif13a/Steap2/Snx27/Atp2c1/Dennd1b/Sacm1l/Dennd1c/Prepl/Ndrg4/Grip1/Atp9a/Blzf1/Bbs2/Dennd1a/Tm9sf4/Pla2g4e/Rabep1/Rab11fip4/Scarb2/Exoc1/Wipf3/Golga7/Stx4/Snap23/Exoc6/Slc1a1/Cnst/Entr1/Acap2/Vps50/Gga2/Washc2c/Snx4/Rab8b/Scrib",0.380730400722792
"GO:0018212","peptidyl-tyrosine modification",134,0.297046402953184,1.39341713772178,0.0101908393172796,0.51780942191088,0.51780942191088,1489,"tags=21%, list=12%, signal=19%","Clk1/Igf1r/Sfrp2/Zap70/Cspg4/Ehd4/Ghr/Icam1/Clk3/Fer/Clk4/Slc35b2/Ddr2/Fgfr4/Slc35b3/Dok7/Wee1/Iqgap1/Il4r/Vegfa/Plpp3/Unc119/Ctnnd1/Srcin1/Hbegf/Tnk2/Gusb/Lyn",0.380730400722792
"GO:0035249","synaptic transmission, glutamatergic",111,-0.317742346531419,-1.39278244409263,0.0403988518113142,0.856360349865011,0.856360349865011,2092,"tags=27%, list=17%, signal=23%","Htr2a/Pak1/Slc17a6/Egfr/Ophn1/Disc1/Ror2/Cdh8/Htr1b/Fxr1/Drd1/Snap25/Hdac6/Aph1b/Grm7/Slc17a7/Drd2/Homer3/Als2/Mef2c/Cnr1/Rnf167/Cacng3/Cacnb4/Clcn3/Vps54/Adcyap1/Grin3a/Napb/Gria2",0.321775918075361
"GO:0048660","regulation of smooth muscle cell proliferation",146,-0.302236533338146,-1.38878796478614,0.0174325746214326,0.61452790264125,0.61452790264125,2533,"tags=30%, list=21%, signal=24%","Xbp1/Hes5/Akt1/Skp2/Hdac4/Xrcc5/Stat1/Tgm2/Akr1b1/Pdgfd/Pak1/Cnn1/Smpd3/Egfr/Vipr2/Nqo2/Serpinf2/Ndrg4/Htr1b/Myc/Il6r/Nampt/Tcf7l2/Thbs1/Bmpr1a/Pde4d/Pten/Ralbp1/Irak1/Pdcd4/Ddx39b/Mef2c/Jun/Hif1a/Stat5b/Cav1/Cx3cl1/Poldip2/Rbpj/Npy5r/Nr4a3/Ern1/Rps6kb1/Pik3r1",0.352487857583619
"GO:0019319","hexose biosynthetic process",76,-0.341429709632015,-1.3856571160056,0.0290492060589272,0.730742649501751,0.730742649501751,2881,"tags=36%, list=24%, signal=27%","Dgkq/Foxo1/Slc39a14/Pck2/Ppp4r3b/Sirt7/Prkaa1/Akr1b1/Wdr5/Ranbp2/Dgat2/Atf3/Ppara/Tcf7l2/Kat2b/Sesn2/Ppp4r3a/Hif1a/Oprm1/Slc37a4/Usp7/Gpt/Ctdspl2/Sirt1/G6pc1/Ogt/Sik1",0.352487857583619
"GO:0002931","response to ischemia",77,0.319981852346188,1.38433049368585,0.0374664923441862,0.847822547281978,0.847822547281978,2980,"tags=39%, list=25%, signal=30%","Bax/Per2/Kcnj11/Egr1/Arid1b/Cpeb4/Panx1/Stub1/Eef2k/P2rx2/Map2k6/Uchl1/Csf1/Panx2/Ppif/Hspb1/Stat3/Nqo1/Traf6/Nfe2l2/Rela/Oaz1/Sirt5/Hspa1a/Tigar/Nol3/Rest/Hyou1/Gja1/Camk2a",0.321775918075361
"GO:0001510","RNA methylation",63,-0.347519358580013,-1.38396067773723,0.0499139414802065,0.896275851917274,0.896275851917274,973,"tags=19%, list=8%, signal=18%","Rbm15/Trmt61a/Trmt6/Mrm3/Zcchc4/Trmt10c/Thumpd3/Trdmt1/Trmt12/Alkbh8/Mepce/Trmt10a",0.266350657088526
"GO:0010906","regulation of glucose metabolic process",81,-0.328024990994324,-1.3831495348417,0.0444444444444444,0.885811965811966,0.885811965811966,3424,"tags=42%, list=28%, signal=30%","Erfe/Prkag2/Pdk3/Nln/Adora2b/Gnb3/Dgkq/Foxo1/Gpld1/Ppp4r3b/Akt1/Epm2aip1/Sirt7/Prkaa1/Irs2/Wdr5/Ranbp2/Dgat2/Ppara/Tcf7l2/Kat2b/Igf2/Sesn2/Nfe2l1/C1qtnf1/Ppp4r3a/Hif1a/Oprm1/Usp7/Gpt/Ctdspl2/Sirt1/Ogt/Sik1",0.282013350011725
"GO:0010595","positive regulation of endothelial cell migration",87,0.315153167376178,1.38050645656369,0.0263072401479642,0.722231338747965,0.722231338747965,1980,"tags=28%, list=16%, signal=23%","Rras/Pdcd6/Sparc/Rac1/Atoh8/Tmsb4x/Sp1/Bcar1/Wnt5a/Sash1/Prkd1/Vegfa/Plpp3/Fut1/Adgra2/Zc3h12a/Prkd2/Hmgb1/Hspb1/Tmem201/Prox1/Emc10/Nfe2l2/Abl1",0.352487857583619
"GO:0048024","regulation of mRNA splicing, via spliceosome",102,-0.317967739181547,-1.3797184516346,0.0408864241607611,0.856360349865011,0.856360349865011,2464,"tags=30%, list=20%, signal=24%","Rbm42/C1qbp/Mettl16/Upf3b/Eif1/Khdrbs3/Hnrnpu/Dyrk1a/Ythdc1/Obi1/Rbfox3/Hnrnpa1/Khdrbs1/Srrm1/Qki/Upf3a/Mbnl2/Celf5/Rbmx/Sap30bp/Thrap3/Rbm15/Zbtb7a/Hnrnpa2b1/Ccnl2/Fmr1/Celf6/Exosc10/Rbm24/Rbm11/Snrnp70",0.321775918075361
"GO:0050684","regulation of mRNA processing",125,-0.310884412346599,-1.37934957119389,0.0282329473762797,0.730742649501751,0.730742649501751,2464,"tags=29%, list=20%, signal=23%","Rbm42/C1qbp/Mettl16/Upf3b/Eif1/Srpk1/Khdrbs3/Hnrnpu/Dyrk1a/Ythdc1/Obi1/Rbfox3/Hnrnpa1/Khdrbs1/Srrm1/Qki/Upf3a/Mbnl2/Dhx36/Celf5/Rbmx/Cstf2/Sap30bp/Thrap3/Rbm15/Zbtb7a/Hnrnpa2b1/Ccnl2/Fmr1/Celf6/Exosc10/Safb/Alkbh5/Rbm24/Rbm11/Snrnp70",0.352487857583619
"GO:1901800","positive regulation of proteasomal protein catabolic process",97,-0.319694244489206,-1.37740170151569,0.0329975252108282,0.799033531039774,0.799033531039774,3550,"tags=40%, list=29%, signal=29%","Ube2v2/Socs5/Nkd2/Tmx1/Rnf40/Mdm2/Dab2/Plk2/Gsk3a/Csnk1d/Dab2ip/Zer1/Csnk1e/Tmtc3/Pabir2/Xbp1/Akt1/Cdc20/Plk3/Ubqln2/Tf/Atxn3/Sirt2/Bbs7/Rnf180/Dnajb2/Nub1/Taf1/Tmem67/Tmem259/Bcap31/Fbxw8/Mapk9/Chfr/Cav1/Fmr1/Fbxw7/Sirt1/Cop1",0.321775918075361
"GO:0015748","organophosphate ester transport",122,-0.308549754836818,-1.37463721824413,0.0363577362534163,0.846571142160484,0.846571142160484,1720,"tags=23%, list=14%, signal=20%","Slc25a36l1/Atp9a/Slc35a1/Spns1/Trpc5/Slc35e3/Serinc2/Osbpl10/Slc25a32/Slc35a5/Atp10a/Scarb2/Plekha8/Pitpnm1/Atp10d/Ano3/Abcg1/Slc37a4/Shoc2/Cdc50b/Osbpl5/Slc35d1/Osbpl8/Atp11c/G6pc1/Atp8b2/Atp11a/Abca7",0.321775918075361
"GO:0021954","central nervous system neuron development",89,-0.321020281840219,-1.37051359507852,0.0368836262447913,0.846571142160484,0.846571142160484,1480,"tags=22%, list=12%, signal=20%","Drd1/Slc4a10/Agtpbp1/Ndel1/Pafah1b1/Pten/Fgfr1/Plxna3/Drd2/Atp7a/Wdr47/Sall3/Spast/Zeb2/Cdh11/Rapgef2/Prdm8/B4galt6/Nin/Nr4a2",0.321775918075361
"GO:0051056","regulation of small GTPase mediated signal transduction",217,0.268911592093386,1.36832850704287,0.0075976192094687,0.474240159819063,0.474240159819063,2072,"tags=27%, list=17%, signal=23%","Lrp4/Rtn4r/Prag1/Arhgap45/Dynlt1/Tns3/Apoe/Dock11/Arhgef10l/Adra1b/Cbl/Bcl6/Dock6/Arhgap29/Dok7/Psd3/Madd/Plxnb1/Sipa1l2/Stmn3/Stambp/Notch2/Syde2/Itgav/Wnt5a/Rasa4/Akap13/Ralgdsl2/Arfgef2/Ralgapb/Ralgapa2/Trim67/Kctd13/Spry3/Bcr/Csf1/Heg1/Sipa1l3/Grin2b/Itpkb/Ralgps1/Mmd2/Arhgap42/Fbxo8/Iqsec2/Lztr1/Kctd10/Iqsec1/Psd/Cdc42se1/Whr1/Abl1/Notch1/Rabl3/Pdgfrb/Sipa1l1/Synpo2l/Slit2",0.407017918923954
"GO:0035094","response to nicotine",60,0.330737985134232,1.36793291080949,0.0404761449351877,0.856360349865011,0.856360349865011,670,"tags=18%, list=6%, signal=17%","Igf1r/Htr1a/Gpx1/B2m/Nos1/Chrna3/Htr2c/Kcnj11/Chrnb1/Serpine1/Ppp1r1b",0.321775918075361
"GO:0031099","regeneration",245,0.267192046033031,1.36673218524655,0.00651550154355184,0.471120745664337,0.471120745664337,2316,"tags=25%, list=19%, signal=21%","Gucd1/Dmd/Nrf1/Rtn4r/Fzd7/Igf1r/Gpx1/Gli3/Ctnna1/Aldoc/Lrp2/Htr2c/Ninj1/Smo/Ntrk3/Prmt1/Hopx/Apoe/Igsf10/Rps15/Xylt1/Serpine1/Tnc/Notch2/Tarbp2/Tnr/Ptprf/Prps1/Vim/Rps16/Bex1/Notch3/Rpl13/Cast/Srsf5/Adam15/Med1/Rgma/Upf2/Cdkn1b/Gnat1/Cpt1a/Aurka/Mif/Phb1/Lamb2/Lifr/Notch1/Ulk1/Fzd9/Dysf/Hp/Bak1/Axl/Erbb4/Matn2/Dicer1/Nefm/Fpgs/Map1b/Rtca",0.407017918923954
"GO:0032434","regulation of proteasomal ubiquitin-dependent protein catabolic process",118,-0.308619171837068,-1.36239207552083,0.0476530459666635,0.896275851917274,0.896275851917274,3554,"tags=37%, list=29%, signal=27%","Commd1/Ube2v2/Socs5/Nkd2/Stk33/Xpo1/Mdm2/Dab2/Ubqln4/Plk2/Gsk3a/Csnk1d/Zer1/Csnk1e/Pabir2/Csnk2b/Akt1/Cdc20/Plk3/Tf/Tlk2/Phf20l1/Sirt2/Bbs7/Rnf180/Eif3h/Zfp418/Dnajb2/Camlg/Nub1/Shh/Taf1/Taf9/Fbxw8/Csnk2a2/Mapk9/N4bp1/Chfr/Usp7/Sirt1/Senp1/Glmn/Cop1/Ogt",0.321775918075361
"GO:0046887","positive regulation of hormone secretion",120,-0.304657128866725,-1.36238305598992,0.0386944273139761,0.85325328655755,0.85325328655755,2807,"tags=33%, list=23%, signal=26%","Spp1/Gpld1/Pck2/Acsl4/Vamp7/Prkce/Ppp3cb/Fto/Pla2g6/Glud1/Irs2/Egfr/Pex5l/Oxct1/Kif5b/Snap25/Vsnl1/Tcf7l2/Aacs/Tardbp/Cacna2d1/Pfkm/Gipr/Gpr68/Stx4/Fgfr1/Drd2/Arrb1/C1qtnf1/Gabbr1/Cask/Hif1a/Abcg1/Kiss1r/Sirt1/Oga/Snx4/Rab8b/Adcyap1/Myh9",0.321775918075361
"GO:0051153","regulation of striated muscle cell differentiation",72,-0.331540134641705,-1.36195430223775,0.0462633451957295,0.896275851917274,0.896275851917274,2956,"tags=33%, list=24%, signal=25%","Maml1/Gsk3a/Mesp1/Rgs4/Xbp1/Hdac4/Tomm70/Pak1/Ybx1/Ppara/Arrb2/Trip10/Shh/Frs2/Ddx39b/Mef2c/Dll1/Bdnf/Daxx/Dmpk/Sirt1/Rbm24/Sik1/Atp11a",0.282013350011725
"GO:0009100","glycoprotein metabolic process",283,-0.27233470252168,-1.36007488702436,0.0106232935114385,0.52428482834547,0.52428482834547,2644,"tags=30%, list=22%, signal=24%","Idua/Uggt1/Tmtc3/St3gal4/Gxylt2/Hs2st1/Prkcsh/Eogt/Pomk/Ext1/Itm2c/Bace2/Hs6st2/Gnptab/Rpn1/Golga2/Ust/Adamts12/St6gal1/Mustn1/Galnt13/Nus1/Slc35c2/St6gal2/Gpc1/Pomgnt1/Adamts17/Tmtc4/Pmm2/B3galnt2/Fbxo17/Pcsk6/B4galt1/Galnt3/B3glct/Arfgef1/Tcf7l2/Col2a1/B3gat1/Tusc3/Mgat4b/Tm9sf2/Cog7/Fkrp/Ddost/St3gal1/B3gnt5/Chsy3/Alg12/Mgat5b/Derl3/Alg11/Tnip1/Slc39a8/Chpf2/St8sia4/Col11a1/Ggta1/Ptx3/Pofut2/Tmem106a/Atp7a/Ids/Edem1/Hif1a/Mfsd8/St3gal6/Ugdh/Mgat4a/B3galt1/C1galt1/Ganab/St6galnac6/Hyal1/Oga/Bpnt2/Acer2/Slc35d1/Hs3st3b1/Reck/Ube2j1/Ogt/Abca7/Galnt1",0.380730400722792
"GO:0008203","cholesterol metabolic process",103,-0.312049293279981,-1.3547311871419,0.043630017452007,0.885811965811966,0.885811965811966,2407,"tags=27%, list=20%, signal=22%","Lbr/Prkaa1/Idi1/Ephx2/Tsku/Lss/Mapk1/Fdft1/Vldlr/Hsd3b7/Dgat2/Qki/Mbtps1/Lipa/Errfi1/Nfe2l1/Insig2/Hmgcs1/Chlsn/Fdxr/Abca5/Lima1/Msmo1/Abcg1/Sqle/Hsd17b7/Cyp11a1/Ttc39b",0.287857117255149
"GO:0007156","homophilic cell-cell adhesion",85,0.307050381464248,1.3536622199929,0.0477511232633459,0.896275851917274,0.896275851917274,2351,"tags=31%, list=19%, signal=25%","Amigo2/Celsr1/Igsf9b/Pcdh10/Plxnb2/Cdh20/Sdk1/Cdh4/Esam/Pcdh17/Clstn2/Ptprf/Pcdhb10/Cdh22/Kirrel3/Celsr2/Amigo1/Igsf21/Cdh24/Pcdh15/Dscaml1/Clstn3/Pcdh1/Pcdh19/Fat1/Ptpn23",0.321775918075361
"GO:0006869","lipid transport",281,-0.268578400451427,-1.3485421046785,0.0216515089375239,0.65639638184109,0.65639638184109,3127,"tags=32%, list=26%, signal=25%","Dab2/Eprs1/Furin/Acsl6/Abca12/Pitpnm2/Ano6/Npc1/Prelid3a/Ntsr1/Acsl3/Spp1/Esyt2/Tpcn2/Cpt2/Pitpnm3/Hrh3/Arl8b/Ptch1/Acsl4/Vamp7/Vapb/Egf/Sigmar1/Akt1/Ttpa/Repin1/Abcd3/Pla2g6/Vdac1/Plin2/Crhr1/Pip4k2a/Tsku/Apom/Irs2/Nus1/Gramd1a/Osbp2/Syk/Inhba/Vldlr/Atp9a/Eepd1/Spns1/Trpc5/Kdm5b/Got2/Slc10a4/Cpt1b/Serinc2/Osbpl10/Thbs1/Lipa/Nfkb1/Stard5/Atp10a/Scarb2/Sgpp1/Fabp3/Shh/Slco4a1/Gps2/Irak1/Drd2/Mapk9/Plekha8/C1qtnf1/Pitpnm1/Atp10d/Abca5/Ano3/Cav1/Acsl1/Abcg1/Kiss1r/Sirt1/Cdc50b/Cert1/Abca8a/Vps54/Slco3a1/Osbpl5/Osbpl8/Atp11c/Lipg/Ttc39b/Rps6kb1/Atp8b2/Atp11a/Abca7",0.352487857583619
"GO:0031507","heterochromatin formation",124,-0.299619778582458,-1.34731697621383,0.0318074505310934,0.774880857081622,0.774880857081622,3155,"tags=39%, list=26%, signal=29%","Rlim/Ppm1d/Zfp512b/Ubr2/Cbx5/Pphln1/Hdac2/Hdac1/Eri2/Hmga2/Cbx3/Lbr/Ezh1/Morc2/Uhrf1/Smchd1/Lmnb1/Smarca1/Atrx/Smarca5/Hnrnpu/Mbd2/Dyrk1a/Ythdc1/Setdb1/Mphosph8/Mecp2/Pcgf5/Sirt2/Kdm5a/Pcgf3/Suz12/Cdan1/Smyd5/Uty/Rbm15/Rsf1/Rrp8/Ctcf/Smarcad1/Baz2a/Bmi1/G2e3/Tdrd3/Sirt1/Kmt2d/Resf1/Bend3",0.321775918075361
"GO:0072594","establishment of protein localization to organelle",325,0.251540680699625,1.34551216771131,0.00545055186606524,0.446631312355295,0.446631312355295,2824,"tags=30%, list=23%, signal=24%","Bax/Kpna2l1/Ran/Romo1/Gli3/Lrp2/Smo/Txnip/Pex26/Spg11/Washc1/Cbl/Pex1/Laptm5/Tomm7/Dnajc15/Pml/Chchd4/Timm10b/Pex19/Prkd1/E2f3/Pttg1ip/Gpn1/Ubl4a/Bag3/Trmt10b/Hgs/Fam53b/Sgta/Agap3/Timm21/Pex16/Timm10/Clu/Zdhhc15/Lamp2/Mavs/Tomm40/Pkig/Mtch1/Ipo4/Mtx1/Efcab7/Pex7/Chmp4b/Kcnq3/Grpel1/Ufm1/Zc3h12a/Med1/Stk4/Rbm22/Lrrk2/Stat3/Cdk1/Elavl1/Rpain/Spcs2/Timm23/Zic1/Lonp2/Lrsam1/Get1/Notch1/Pola2/Snupn/Tnfaip3/Pik3r4/Ddx5/Ap3b1/Sec13/Sec61g/Phb2/Sec61a1/Sec63/Macf1/Macroh2a1/Ift122/Ptpn23/Zfp827/Zfand6/Timm50/Parp1/Ipo8/Pom121/Ipo5/Nfkbia/Prkcq/Get4/Timm13/Pex10/Akap1/Cdkn1a/Vps37b/Spidr/Hyal2/Srpra/Cfl1",0.407017918923954
"GO:0034614","cellular response to reactive oxygen species",160,0.274963531210546,1.34299778619541,0.0171855305159727,0.613050739439706,0.613050739439706,2891,"tags=34%, list=24%, signal=26%","Bax/Mff/Romo1/Fos/Ambp/Fer/Aqp1/Fancc/Ddr2/Serpine1/Cst3/Apex1/Mt3/Agap3/Map1lc3a/Cfh/Ercc6l2/Prdx1/Ppif/Hspb1/Lrrk2/Rps3/Cdk1/Optn/Nqo1/Mif/Cyp1b1/Traf6/Nfe2l2/Abl1/Pdgfrb/Mapk7/Tnfaip3/Rela/Rbfox2/Axl/Dicer1/Ager/Oser1/Ppp5c/Adprs/Parp1/Mmp2/Kdm6b/Glrx2/Ppef2/Prdx5/Nol3/Trap1/Pex10/Slc8a1/Cfl1/Map2k4/Endog",0.352487857583619
"GO:0048659","smooth muscle cell proliferation",154,-0.292807625779563,-1.33971562095585,0.037131016109371,0.846571142160484,0.846571142160484,2533,"tags=29%, list=21%, signal=23%","Xbp1/Hes5/Akt1/Skp2/Hdac4/Xrcc5/Stat1/Tgm2/Akr1b1/Pdgfd/Pak1/Cnn1/Smpd3/Egfr/Vipr2/Nqo2/Serpinf2/Ndrg4/Htr1b/Myc/Il6r/Nampt/Tcf7l2/Thbs1/Bmpr1a/Pde4d/Pten/Ralbp1/Irak1/Pcsk5/Pdcd4/Ddx39b/Mef2c/Jun/Hif1a/Stat5b/Cav1/Cx3cl1/Poldip2/Rbpj/Npy5r/Nr4a3/Ern1/Rps6kb1/Pik3r1",0.321775918075361
"GO:0006402","mRNA catabolic process",230,-0.2757467973495,-1.33696093704982,0.0177073044107009,0.615833902390952,0.615833902390952,2438,"tags=26%, list=20%, signal=21%","Csde1/Fto/Mrto4/Mettl16/Upf3b/Skic3/Zc3hav1/Parn/Cnot8/Gtpbp1/Edc3/Rbm33/Ago3/Smg6/Hnrnpu/Ythdf2/Hbs1l/Smg7/Ybx1/Larp4b/Fxr1/Cnot6/Khnyn/Patl1/Qki/Upf3a/Eif4enif1/Traf2/Dhx36/Hnrnpd/Cnot7/Tardbp/Xrn2/Lsm1/Thrap3/Paip1/Pde12/Ythdf3/Taf15/Tut4/Elavl4/Tent5a/Tnrc6a/Tent2/Rc3h2/Fmr1/Cnot6l/Dcp1a/Cnot2/Exosc10/Larp1bl/Fastkd1/Alkbh5/Senp1/Igf2bp1/Rbm24/Khsrp/Plekhn1/Tob1/Igf2bp3",0.352487857583619
"GO:0072006","nephron development",116,0.291521999372453,1.33136426207415,0.0216823335668214,0.65639638184109,0.65639638184109,2447,"tags=29%, list=20%, signal=24%","Lama5/Gli3/Lrp2/Acta2/Smo/Abcc2/Aqp1/Kif26b/Egr1/Cd44/Calb1/Notch2/Vegfa/Pkd1/Comt/Tmem59l/Ctnnd1/Klhl3/Cfh/Acat1/Notch3/Myo1e/Kirrel3/Actn4/Slc4a4/Lamb2/Notch1/Pdgfrb/Sall1/Sec61a1/Erbb4/Ctnnb1/Nog/Prom1",0.352487857583619
"GO:2000058","regulation of ubiquitin-dependent protein catabolic process",154,-0.290100479814441,-1.32732931193119,0.0438312332402774,0.885811965811966,0.885811965811966,2746,"tags=29%, list=23%, signal=23%","Csnk1d/Pdcl3/Zer1/Csnk1e/Pabir2/Egf/Csnk2b/Akt1/Cdc20/L3mbtl3/Prmt6/Plk3/Tf/Atxn3/Tlk2/Disc1/Phf20l1/Sirt2/Bbs7/Rnf180/Eif3h/Zfp418/Dnajb2/Agtpbp1/Kat2b/Camlg/Nub1/Shh/Taf1/Pten/Taf9/Bcap31/Fbxw8/Csnk2a2/Mapk9/N4bp1/Chfr/Usp7/Fbxw7/Sirt1/Senp1/Glmn/Cop1/Ube3a/Ogt",0.321775918075361
"GO:0018108","peptidyl-tyrosine phosphorylation",130,0.280353115203478,1.32731229692146,0.0384716472904908,0.85325328655755,0.85325328655755,1489,"tags=20%, list=12%, signal=18%","Clk1/Igf1r/Sfrp2/Zap70/Cspg4/Ehd4/Ghr/Icam1/Clk3/Fer/Clk4/Ddr2/Fgfr4/Dok7/Wee1/Iqgap1/Il4r/Vegfa/Plpp3/Unc119/Ctnnd1/Srcin1/Hbegf/Tnk2/Gusb/Lyn",0.321775918075361
"GO:0046631","alpha-beta T cell activation",109,0.285322907593264,1.32590332428022,0.0418650322613951,0.864321104297009,0.864321104297009,2845,"tags=36%, list=23%, signal=28%","Clec2d2l3/Armc5/Relb/Zap70/Gli3/Brd4/Bcl11b/Tmem98/Bcl6/Blm/Cd44/Stoml2/Nckap1l/Rc3h1/Sema4a/Klhl25/Kmt2a/Ncor1/Zbtb7b/Cd83/Zc3h12a/Itpkb/Hmgb1/Stat3/Ripk2/Abl1/Loxl3/Ap3b1/RT1-Db1/Ager/Lck/Smad7/Prkcq/Prkcz/Arg2/Mapk8ip1/Shb/Nfkbid/Rhoa",0.321775918075361
"GO:0048675","axon extension",119,0.285770384298426,1.31856304716489,0.0493355106231949,0.896275851917274,0.896275851917274,2345,"tags=27%, list=19%, signal=22%","Rtn4r/Arhgap32/Megf8/Ndn/Smo/Ntrk3/Spg11/Cit/Apoe/Cdh4/Lhx2/Dbnl/Wnt5a/Map3k13/Tnr/Vegfa/Mt3/Vim/Map2/Dip2b/Plxna4/Lamb2/Abl1/Ulk1/Myo5b/Slit2/Bmpr2/Ntn1/Slit3/Macf1/Map1b/Slit1",0.321775918075361
"GO:0003279","cardiac septum development",90,0.294475324819673,1.31544711596783,0.0407913791334825,0.856360349865011,0.856360349865011,2488,"tags=34%, list=21%, signal=28%","Ccn1/Adamts19/Adamts6/Lrp2/Smo/Sav1/Chd7/Notch2/Nprl3/Nfatc1/Ptk7/Luzp1/Wnt5a/Sox11/Heg1/Sufu/Id2/Prox1/Notch1/Fgfrl1/Zfpm2/Ank2/Slit2/Sall1/Ndst1/Bmpr2/Slit3/Smarca4/Smad6/Nog/Smad7",0.321775918075361
"GO:0051592","response to calcium ion",136,0.275877159666562,1.31533297098853,0.0231097554076905,0.680424730242342,0.680424730242342,1629,"tags=21%, list=13%, signal=18%","Pdcd6/Cyp27b1/Sparc/Fos/Ago2/Txnip/Anxa11/Apobec1/Adgrv1/Iqgap1/Stim1/Nfatc1/Wnt5a/Rasa4/Sdc1/Cpne5/Jund/Pebp1/Eef2k/Slc25a24/Cpne6/Kcnq3/Hpca/Cpne2/Grin2b/Kcnma1/Itpkb/Ppif",0.352487857583619
"GO:0043524","negative regulation of neuron apoptotic process",171,-0.279439626278316,-1.31358460140321,0.043338683788122,0.884177399173418,0.884177399173418,1045,"tags=17%, list=9%, signal=16%","Xiap/Grm7/Atp7a/Nmnat1/Prkci/Arrb1/Tfap2d/Slc1a1/Faim2/Mef2c/Jun/Msh2/Rad21/Prkcg/Bdnf/Hif1a/Adam8/Crlf1/Mfsd8/Fmr1/Tmbim1/Cd2ap/Sirt1/Cx3cl1/Vps54/Nr4a3/Nrbp2/Oxr1/Nr4a2",0.276500599254472
"GO:0044782","cilium organization",329,-0.258218698333088,-1.30941003053088,0.0283069885118502,0.730742649501751,0.730742649501751,3873,"tags=41%, list=32%, signal=28%","Dnah8/Kifap3/Cep135/Prickle1/Iqcb1/Tmem237/Ndufaf2/Ahi1/Drc4/Ccdc66/Fsip1/Septin9/Nek1/Sdccag8/Armc9/Rsph9/Fnbp1l/Cep83/Atxn10/Kif19/Dnah2/Rab10/Rfx3/Plk4/Ccp110/Mark4/Cep131/Pibf1/Nme5/Spag1/Ssx2ip/Rfx4/Dcx/Snap29/Exoc5/Actr2/Pcm1/Unc119b/Cfap298/Sclt1/Cfap184/Ift25/Dync2li1/Cep162/E2f4/Nedd9/Csnk1d/Crocc/Pkd2/Cibar1/Akt1/Intu/Kif3a/Bbs4/Ift20/Dnali1/Poc1b/Cdc14b/Bbs5/Cfap20/Cep89/Ift172/Cyld/Cpap/Iqub/Cep164/Odf2l/Ttc17/Rrp7a/Dynlt2b/Dusp23/Atg3/Rpgrip1l/Rsph1/Dync2i1/Disc1/Ttc8/Nudcd3/Nphp3/Bbs7/Trappc14/Bbs2/Dnaaf8/B3glct/Clcn4/Rab3ip/Hdac6/Rabep2/Cluap1/Ttc39c/Avil/Ablim1/Cep290/Ift88/Cep120/Zmynd10/Tmem67/Ift57/Onecut2/Cep70/Bbs9/Fbxw8/Hyls1/Cdc14a/Ttll5/Togaram1/Lpar1/Marchf7/Cdkl5/Tulp3/Dnaaf5/Rfx2/Rab23/Mphosph9/Cfap70/Lima1/Drc2/Lrrc45/Cep128/Ablim3/Entr1/Gorab/Lca5/Drc1/Ift56/Gdi2/Ocrl/Septin7/Ttc21b/Ift81/Ccdc88a/Tpgs1/Atg5/Odf2",0.352487857583619
"GO:0071375","cellular response to peptide hormone stimulus",331,-0.257331649336,-1.30591956452438,0.0161284560272456,0.596983279522761,0.596983279522761,2289,"tags=24%, list=19%, signal=20%","Klf11/Prkaa1/Stat1/Cav2/Crhr1/Lpin2/Pip4k2a/Myo1c/Pak1/Irs2/Phip/Zdhhc7/Klf1/Hmga1/Mapk1/Slc30a10/Ptprj/Ncl/Rxra/Inhba/Vldlr/Ybx1/Klf3/Nap1l1/Myc/Drd1/Usf1/Ppat/Col2a1/Ass1/Pip4k2c/Kat2b/Ndel1/Nfkb1/Errfi1/Igf2/Pten/Arg1/Insig2/Fam114a1l1/Akt3/Slc29a2/Pde3b/Kdm6a/Fbxw8/Cpeb2/Nucks1/Inpp5k/Opa1/Prkci/Nr4a1/Marcks/Jun/Hif1a/Stat5b/Cav1/Myh7/Cyp11a1/Mtus1/Shoc2/Gpt/Mbd5/C2cd5/Lpin3/Sirt1/Pkml1/Tyk2/Klf5/Mstn/Osbpl8/Nr4a3/Slc26a6/G6pc1/Lpl/Rps6kb1/Ogt/Pik3r1/Klf9/Nr4a2",0.352487857583619
"GO:0008406","gonad development",209,-0.271732436856114,-1.30423433403998,0.0391236306729265,0.856360349865011,0.856360349865011,1761,"tags=21%, list=15%, signal=18%","Hnrnpa1/Inhba/Lhx9/Ybx3/Kdm5a/Fst/Arid4a/Kit/Myc/Arrb2/Adam1a/Nrip1/Kitlg/Aspm/Pde4d/Hmgcs1/Ptx3/Ncoa3/Arrb1/Hnrnpa2b1/A2m/Msh2/Brca2/Arid4b/Stat5b/Fmr1/Wdr48/Pdgfra/Cyp11a1/Rara/Plekha1/Cd2ap/Sirt1/Tgfbr1/Fndc3a/Adcyap1/Hmgb2l1/Rnf38/Casp2/Npr2/Col9a3/Ube3a/Crem/Myh9",0.287857117255149
"GO:0046488","phosphatidylinositol metabolic process",123,-0.289763531933243,-1.3015273466304,0.04858934169279,0.896275851917274,0.896275851917274,1569,"tags=19%, list=13%, signal=16%","Inpp4b/Inpp4a/Bpnt1/Pigp/Pigu/Pip4k2c/Slc30a5/Impa2/Pigb/Hycc1/Pten/Pip5k1b/Pik3c2a/Inpp5k/Pitpnm1/Pi4kb/Sh3yl1/Ocrl/Pigm/Pigh/Bpnt2/Atg14/Pik3r1",0.257206466468838
"GO:0072659","protein localization to plasma membrane",258,-0.261451776004932,-1.28417809025169,0.0240942357061412,0.694116925477864,0.694116925477864,3694,"tags=38%, list=30%, signal=27%","Rab26/Ptpn9/Anxa2/Ank1/Actb/Commd1/Vti1b/Tspan33/Ppfia1/Nkd2/Rab10/Aldh7a1/Kcnip4/Lrrc1/Large1/Camk2g/Stac2/Kcnip3/Dab2/Emp2/Efr3a/Abca12/Zdhhc2/Exoc5/Hycc2/Acsl3/Adcy6/Erbin/Prnp/Cacnb2/Fgf13/Palm/Tspan14/Epha3/Rhog/Dpp6/Ptch1/Vamp7/Akt1/Dpp10/Numb/Stx3/Pals1/Nherf2/Atp1b3/Pigw/Ift20/Prkaa1/Atp2b4/Phaf1/Grip2/Akap5/Kif13a/Zdhhc7/Snx27/Atp2c1/Egfr/Atp1b1/Itga3/Bloc1s6/Prepl/Rhbdf2/Grip1/Ttc8/Blzf1/Kif5b/Bbs2/Camk2b/Tmem88/Errfi1/Mrap2/Scarb2/Nhlrc1/Ppil2/Hycc1/Sesn2/Zfyve27/Slmap/Golga7/Inpp5k/Stx4/Prkci/Tpbg/Prkg2/Cask/Cnst/Frmd8/Picalm/Zdhhc23/Tmbim1/Scn3b/C2cd5/Wnk3/Sytl2/Ccdc88a/Scrib/Pik3r1/Fcho2",0.352487857583619
"GO:0006367","transcription initiation at RNA polymerase II promoter",141,0.26396270533523,1.2827812439311,0.0444057497508171,0.885811965811966,0.885811965811966,2861,"tags=30%, list=24%, signal=24%","Med16/Armc5/Ints12/Gtf2h2/Taf4b/Kdm1b/Apobec1/Egr1/Apex1/Taf10/Elob/Ints15/Rbm14/Ints5/Kmt2a/Ints4/Zmpste24/Med1/Taf6l/Med30/Atad2b/Hmgb1/Med13/Lcor/Taf5/Polr2i/Gtf2e2/Mnat1/Sgf29/Macroh2a1/Smarca4/Padi2/Ints7/Znhit1/Maz/Nfkbia/Polr2g/Xpa/Gtf2h5/Creb1/Polr2f/Tbp/Gtf2b",0.321775918075361
"GO:0005996","monosaccharide metabolic process",201,-0.266149994659518,-1.28132624645376,0.0378787878787879,0.849731077003804,0.849731077003804,2881,"tags=30%, list=24%, signal=24%","Dgkq/Glb1l/Dhdh/Foxo1/Pkm/Slc39a14/Brat1/Gpld1/Pck2/Ppp4r3b/Mpi/Hkdc1/Akt1/Epm2aip1/Sirt7/Prkaa1/Akr1b1/Rbks/Hk1/Irs2/Wdr5/Galk2/Pmm2/B4galt1/Ranbp2/Dgat2/Ero1a/Atf3/Pgm2/Ppara/Myc/Usf1/Tcf7l2/Lipa/Kat2b/Fkrp/Errfi1/Pfkl/Igf2/Pfkm/Sesn2/Nfe2l1/Fam3a/Pofut2/C1qtnf1/Ppp4r3a/Hif1a/Oprm1/Slc37a4/Man2c1/Usp7/Gpt/Ctdspl2/Sirt1/Pfkp/Slc23a2/G6pc1/Crem/Ogt/Sik1/Pik3r1",0.287857117255149
"GO:1990778","protein localization to cell periphery",344,-0.251751585284907,-1.27610816746366,0.0276389900994294,0.729829684760666,0.729829684760666,3196,"tags=31%, list=26%, signal=23%","Large1/Camk2g/Stac2/Kcnip3/Dab2/Emp2/Efr3a/Abca12/Zdhhc2/Exoc5/Hycc2/Ilk/Epb41l1/Acsl3/Adcy6/Erbin/Prnp/Cacnb2/Fgf13/Sapcd2/Palm/Tspan14/Nptx2/Epb41l2/Epha3/Rhog/Dpp6/Kif2c/Exoc4/Ptch1/Vamp7/Akt1/Dpp10/Numb/Stx3/Pals1/Nherf2/Atp1b3/Pigw/Ift20/Adam22/Prkaa1/Atp2b4/Phaf1/Cyld/Grip2/Rapgef4/Akap5/Kif13a/Zdhhc7/Snx27/Atp2c1/Egfr/Atp1b1/Sacm1l/Itga3/Bloc1s6/Prepl/Rhbdf2/Grip1/Ttc8/Adam10/Blzf1/Kif5b/Bbs2/Neto2/Camk2b/Tmem88/Rabep1/Errfi1/Mrap2/Scarb2/Nhlrc1/Ppil2/Hycc1/Sesn2/Zfyve27/Slmap/Golga7/Inpp5k/Stx4/Snap23/Prkci/Tspan18/Slc1a1/Tpbg/Prkg2/Cask/Cnst/Cav1/Frmd8/Picalm/Zdhhc23/Tmbim1/Cacng3/Tmem108/Scn3b/C2cd5/Wnk3/Sytl2/Ccdc88a/Scrib/Ogt/Pik3r1/Fcho2/Mex3b",0.352487857583619
"GO:0060271","cilium assembly",305,-0.250597198243768,-1.25033265192087,0.0351920683735357,0.832718257130878,0.832718257130878,2469,"tags=26%, list=20%, signal=21%","Cibar1/Akt1/Intu/Kif3a/Bbs4/Ift20/Dnali1/Poc1b/Cdc14b/Bbs5/Cfap20/Cep89/Ift172/Cyld/Cpap/Iqub/Cep164/Odf2l/Dynlt2b/Dusp23/Atg3/Rpgrip1l/Rsph1/Dync2i1/Disc1/Ttc8/Nudcd3/Nphp3/Bbs7/Trappc14/Bbs2/Dnaaf8/B3glct/Clcn4/Rab3ip/Rabep2/Cluap1/Ttc39c/Avil/Ablim1/Cep290/Ift88/Cep120/Zmynd10/Tmem67/Ift57/Onecut2/Cep70/Bbs9/Fbxw8/Hyls1/Cdc14a/Ttll5/Togaram1/Lpar1/Marchf7/Cdkl5/Dnaaf5/Rfx2/Rab23/Mphosph9/Cfap70/Lima1/Drc2/Lrrc45/Cep128/Ablim3/Entr1/Gorab/Drc1/Ift56/Gdi2/Ocrl/Septin7/Ift81/Ccdc88a/Tpgs1/Atg5/Odf2",0.321775918075361
"GO:0009895","negative regulation of catabolic process",305,-0.249315786607487,-1.24393916140852,0.0442748091603053,0.885811965811966,0.885811965811966,2498,"tags=25%, list=21%, signal=20%","Csnk2b/Ptpn3/Fez2/Akt1/Csde1/Zkscan3/Mettl16/Hdac4/Prkaa1/Atp2b4/Parn/Golga2/Tbc1d14/Prmt6/Hnrnpu/Zdhhc7/Egfr/Tlk2/Ophn1/Phf20l1/Ybx1/Larp4b/Sirt2/Fxr1/Tpt1l2/Ppara/Qki/Upf3a/Eif4enif1/Eif3h/Traf2/Nampt/Hdac6/Dhx36/Kat2b/Hnrnpd/Camlg/Tardbp/Shh/Taf1/Usp30/Rragd/Taf9/Pde3b/Thrap3/Paip1/Pcsk5/Marchf7/Csnk2a2/Nmnat1/Taf15/Elavl4/N4bp1/Tent5a/Cnr1/Htra2/Prkcg/Trdmt1/Tent2/Usp7/Ric1/Crtc3/Larp1bl/Mdm4/Senp1/Igf2bp1/Poldip2/Usp25/Lrig2/Rbm24/Snrnp70/Nrbp2/Ogt/Tob1/Igf2bp3",0.266350657088526
